id,name,band,time,flux,flux_err
0,WTP14abnpgk,g,2018.1709106482062,0.027116981489194603,-99.0
1,WTP14abnpgk,g,2018.2176164257642,0.18494814569357332,-99.0
2,WTP14abnpgk,g,2018.3269889985947,0.05215835715036303,-99.0
3,WTP14abnpgk,g,2018.2492081635592,1.419,-99.0
4,WTP14abnpgk,g,2018.4875657800528,0.06055939893107001,-99.0
5,WTP14abnpgk,g,2018.616685064916,0.07707587105665635,-99.0
6,WTP14abnpgk,g,2018.7398643985484,0.273797854759627,-99.0
7,WTP14abnpgk,g,2019.1610643251038,0.08787483314363112,-99.0
8,WTP14abnpgk,g,2019.3080037735958,0.08525902993630487,-99.0
9,WTP14abnpgk,g,2019.471289714254,0.08673988638243679,-99.0
10,WTP14abnpgk,g,2019.6546092871429,0.09884242841813572,-99.0
11,WTP14abnpgk,g,2019.7382413059074,0.09223452058196013,-99.0
12,WTP14abnpgk,g,2020.166287882646,0.07152553969226044,-99.0
13,WTP14abnpgk,g,2020.1067677890674,2.5949999999999998,-99.0
14,WTP14abnpgk,g,2020.3504905158122,0.0678837782988209,-99.0
15,WTP14abnpgk,g,2020.5170191242598,0.10928673674966952,-99.0
16,WTP14abnpgk,g,2020.6843213791635,0.22944814907901845,-99.0
17,WTP14abnpgk,g,2021.164314268364,0.12251508794435217,-99.0
18,WTP14abnpgk,g,2021.293864852889,0.1005279654072643,-99.0
19,WTP14abnpgk,g,2021.3750997466161,0.543768181169895,-99.0
20,WTP14abnpgk,g,2021.4862641037691,0.12418519257944102,-99.0
21,WTP14abnpgk,g,2021.6415547727704,0.19335437087718177,-99.0
22,WTP14abnpgk,g,2021.7385508771256,0.2420011432196924,-99.0
23,WTP14abnpgk,g,2022.162132073906,0.1425925109308867,-99.0
24,WTP14abnpgk,g,2022.305136703262,0.08403896213876814,-99.0
25,WTP14abnpgk,g,2022.4142011729105,0.11545044040392695,-99.0
26,WTP14abnpgk,g,2022.5398658688684,0.10187464364747892,-99.0
27,WTP14abnpgk,g,2022.6465680820143,0.1103920070656316,-99.0
28,WTP14abnpgk,g,2022.722958124183,0.10041464285532331,-99.0
29,WTP14abnpgk,g,2023.1454575429452,0.26720261064066453,-99.0
30,WTP14abnpgk,g,2023.0605955958904,2.126,-99.0
31,WTP14abnpgk,V,2015.1188295059187,0.1980949394772178,-99.0
32,WTP14abnpgk,V,2015.3091070124733,0.12965381402929815,-99.0
33,WTP14abnpgk,V,2015.4803502103905,0.10990091873551441,-99.0
34,WTP14abnpgk,V,2015.6742112140882,0.3026430303733378,-99.0
35,WTP14abnpgk,V,2016.156290178683,0.22830039557809764,-99.0
36,WTP14abnpgk,V,2016.318828751316,0.27119111981445176,-99.0
37,WTP14abnpgk,V,2016.5130366748108,0.28759978571731837,-99.0
38,WTP14abnpgk,V,2016.6771047733084,0.2272782257498961,-99.0
39,WTP14abnpgk,V,2017.138417086639,0.20935306635082007,-99.0
40,WTP14abnpgk,V,2017.2521835639416,0.4050438503163464,-99.0
41,WTP14abnpgk,V,2017.3628184749134,0.307040149610071,-99.0
42,WTP14abnpgk,V,2017.5218966306945,0.2976843451013715,-99.0
43,WTP14abnpgk,V,2017.7054991717603,0.44659844528908593,-99.0
44,WTP14abnpgk,V,2018.1133298864393,0.30816289586392853,-99.0
45,WTP14abnpgk,V,2018.3267991807802,0.295525233603574,-99.0
46,WTP14abnpgk,V,2018.5416505943736,0.2608218494541762,-99.0
47,WTP14abnpgk,V,2018.472092836726,1.73,-99.0
48,WTP14abnpgk,V,2018.6821811994246,0.12419786019909873,-99.0
49,WTP14acnjbu,g,2017.7796142330576,0.12244275286064406,-99.0
50,WTP14acnjbu,g,2018.1398733278845,0.11628915135022586,-99.0
51,WTP14acnjbu,g,2018.3021174706962,0.18882562910311823,-99.0
52,WTP14acnjbu,g,2018.465205583938,0.14338001530861963,-99.0
53,WTP14acnjbu,g,2018.6241779630072,0.19333172814099908,-99.0
54,WTP14acnjbu,g,2018.774760175405,0.17321627158747555,-99.0
55,WTP14acnjbu,g,2019.1564441202984,0.06731515289378684,-99.0
56,WTP14acnjbu,g,2019.3181885689223,0.07966483393175933,-99.0
57,WTP14acnjbu,g,2019.4529408149497,0.09377655499426865,-99.0
58,WTP14acnjbu,g,2019.6433813849083,0.05176843721173561,-99.0
59,WTP14acnjbu,g,2019.7919614336379,0.08397845553952134,-99.0
60,WTP14acnjbu,g,2020.142239730016,0.10841396104245578,-99.0
61,WTP14acnjbu,g,2020.3757316708206,0.08173715039540172,-99.0
62,WTP14acnjbu,g,2020.5401413830086,0.06901359181752145,-99.0
63,WTP14acnjbu,g,2020.6902302971569,0.06488692530806613,-99.0
64,WTP14acnjbu,g,2021.1020433072572,0.1430769006511389,-99.0
65,WTP14acnjbu,g,2021.3016657677997,0.07349900922888751,-99.0
66,WTP14acnjbu,g,2021.4707614677661,0.07737742743903152,-99.0
67,WTP14acnjbu,g,2021.629714760728,0.08104357753476338,-99.0
68,WTP14acnjbu,g,2021.7680901875565,0.09667194391902427,-99.0
69,WTP14acnjbu,g,2022.1398099727191,0.09915633123242071,-99.0
70,WTP14acnjbu,g,2022.2434066791607,0.22577169150688903,-99.0
71,WTP14acnjbu,g,2022.3636059231253,0.05239904750164554,-99.0
72,WTP14acnjbu,g,2022.535749450734,0.182069556443773,-99.0
73,WTP14acnjbu,g,2022.7379982119867,0.0909775486579428,-99.0
74,WTP14acnjbu,g,2023.1577162790886,0.23993612634891595,-99.0
75,WTP14acnjbu,V,2015.1122915560861,0.2543630060472254,-99.0
76,WTP14acnjbu,V,2015.2421024749183,0.2137115115441482,-99.0
77,WTP14acnjbu,V,2015.396297255131,0.175294942205949,-99.0
78,WTP14acnjbu,V,2015.5553647661852,0.1638103697725425,-99.0
79,WTP14acnjbu,V,2015.7067996422777,0.2856489029917946,-99.0
80,WTP14acnjbu,V,2016.139727774838,0.09996101975860155,-99.0
81,WTP14acnjbu,V,2016.2937732863022,0.1041132472790269,-99.0
82,WTP14acnjbu,V,2016.472274208988,0.18245835391743542,-99.0
83,WTP14acnjbu,V,2016.6226887276737,0.14738069464078318,-99.0
84,WTP14acnjbu,V,2016.7523336806464,0.3470874813813436,-99.0
85,WTP14acnjbu,V,2017.161198841458,0.15227631648829448,-99.0
86,WTP14acnjbu,V,2017.3123273948268,0.09754194141945866,-99.0
87,WTP14acnjbu,V,2017.5012548578477,0.18376075744422676,-99.0
88,WTP14acnjbu,V,2017.6544866871109,0.1318524763617335,-99.0
89,WTP14acnjbu,V,2017.7622232964231,0.921,-99.0
90,WTP14acnjbu,V,2018.2673237130418,0.28975039936474967,-99.0
91,WTP14acnjbu,V,2018.4128521628766,0.15363924249429114,-99.0
92,WTP14acnjbu,V,2018.5552542757357,0.1533858289271557,-99.0
93,WTP14acnjbu,V,2018.71451678636,0.256066981023947,-99.0
94,WTP14adbjsh,g,2017.80372104896,0.005257456088859379,-99.0
95,WTP14adbjsh,g,2017.9178411125872,0.05691676300673487,-99.0
96,WTP14adbjsh,g,2018.4238871408097,0.16865965236592143,-99.0
97,WTP14adbjsh,g,2018.5755426890428,0.1137414979801935,-99.0
98,WTP14adbjsh,g,2018.732954945286,0.13853473543966927,-99.0
99,WTP14adbjsh,g,2018.8937775585819,0.14319165785239069,-99.0
100,WTP14adbjsh,g,2018.993157042443,0.40110220473773245,-99.0
101,WTP14adbjsh,g,2019.3931296055623,0.12163916668949115,0.009025891526352484
102,WTP14adbjsh,g,2019.5236597030505,0.07784261381295522,-99.0
103,WTP14adbjsh,g,2019.6798624116464,0.06930400634488097,-99.0
104,WTP14adbjsh,g,2019.7412574057616,0.27985685354699796,0.02767595922708161
105,WTP14adbjsh,g,2019.8555604186759,0.07693522433551306,-99.0
106,WTP14adbjsh,g,2019.9698900525184,0.15162869562349698,-99.0
107,WTP14adbjsh,g,2020.4426378822693,0.19167307368969863,-99.0
108,WTP14adbjsh,g,2020.6333192516104,0.02909625605730718,-99.0
109,WTP14adbjsh,g,2020.775840793441,0.029986666944475687,-99.0
110,WTP14adbjsh,g,2020.9468217763758,0.17776187569406884,-99.0
111,WTP14adbjsh,g,2021.379008402279,0.18952746109301616,-99.0
112,WTP14adbjsh,g,2021.5288657420665,0.07458202119162428,-99.0
113,WTP14adbjsh,g,2021.6826058962058,0.08363135440809641,-99.0
114,WTP14adbjsh,g,2021.8283977836502,0.1248783800431407,-99.0
115,WTP14adbjsh,g,2021.958339673244,0.11920813016780792,-99.0
116,WTP14adbjsh,g,2022.3723506773592,0.08002446875639896,-99.0
117,WTP14adbjsh,g,2022.519138264446,0.09253208514810193,-99.0
118,WTP14adbjsh,g,2022.4797901390934,0.8097720915338701,-99.0
119,WTP14adbjsh,g,2022.6975790564368,0.05784808786234526,-99.0
120,WTP14adbjsh,g,2022.8947423562743,0.03489078777831261,-99.0
121,WTP14adbjsh,g,2022.997352186041,2.459,-99.0
122,WTP14adbjsh,g,2023.304310307661,0.23947173614542772,-99.0
123,WTP14adbjsh,V,2013.9118858290742,0.06748201171307788,-99.0
124,WTP14adbjsh,V,2014.506573417183,0.3230949350402713,-99.0
125,WTP14adbjsh,V,2014.6793824672864,0.16496179113468698,-99.0
126,WTP14adbjsh,V,2014.8570096131862,0.17948671117224824,-99.0
127,WTP14adbjsh,V,2014.9571688145243,0.9780646290873195,-99.0
128,WTP14adbjsh,V,2015.413127916496,0.3879895724086101,-99.0
129,WTP14adbjsh,V,2015.6034993540213,0.2714644384515987,-99.0
130,WTP14adbjsh,V,2015.7427499984844,0.15647394004293885,0.014488698003609421
131,WTP14adbjsh,V,2015.9025539656038,0.3082599487734743,-99.0
132,WTP14adbjsh,V,2016.446127993225,0.3154309804185824,0.02559667840331431
133,WTP14adbjsh,V,2016.618441777697,0.2851951431989382,-99.0
134,WTP14adbjsh,V,2016.7901911607523,0.22854872518874114,-99.0
135,WTP14adbjsh,V,2016.9215749719397,0.2918303409353175,0.025806094147769996
136,WTP14adbjsh,V,2017.4047665763017,0.47580095454420074,-99.0
137,WTP14adbjsh,V,2017.5638683695502,0.37228065695904666,-99.0
138,WTP14adbjsh,V,2017.7384667290462,0.30387772609424146,-99.0
139,WTP14adbjsh,V,2017.9001439676574,0.3692603451228339,-99.0
140,WTP14adbjsh,V,2018.437952046058,0.4397002835829414,-99.0
141,WTP14adbjsh,V,2018.6047020425174,0.229405374704853,-99.0
142,WTP14adbjsh,V,2018.726128192613,0.3720987402718258,-99.0
143,WTP14adbjsh,V,2018.8843459242516,0.3682783171140497,-99.0
144,WTP14adbwvs,g,2018.014710746268,0.06337177009849458,-99.0
145,WTP14adbwvs,g,2018.1857091669178,0.06803688385984563,-99.0
146,WTP14adbwvs,g,2018.3330920159085,0.11803807531349998,-99.0
147,WTP14adbwvs,g,2018.5186153970824,0.10674987444252716,-99.0
148,WTP14adbwvs,g,2018.6192881619463,0.2961490951986717,-99.0
149,WTP14adbwvs,g,2018.9929997572335,0.08928285279205501,-99.0
150,WTP14adbwvs,g,2019.095143633166,0.15348903906010108,-99.0
151,WTP14adbwvs,g,2019.3222619808328,0.0685526522596408,-99.0
152,WTP14adbwvs,g,2019.4325444156013,0.10632037392300597,-99.0
153,WTP14adbwvs,g,2019.5785082028053,0.16023913568467374,-99.0
154,WTP14adbwvs,g,2019.9732990510404,0.08082575787876964,-99.0
155,WTP14adbwvs,g,2020.1619954321773,0.05547130423904975,-99.0
156,WTP14adbwvs,g,2020.3654584075036,0.05106564968946579,-99.0
157,WTP14adbwvs,g,2020.464799033828,0.11765589595421463,-99.0
158,WTP14adbwvs,g,2020.564027528582,0.09598872367955157,-99.0
159,WTP14adbwvs,g,2020.9982208585209,0.06785719764270784,-99.0
160,WTP14adbwvs,g,2021.1625890283644,0.05393286252445094,-99.0
161,WTP14adbwvs,g,2021.3268116847275,0.04116623453539251,-99.0
162,WTP14adbwvs,g,2021.478476032615,0.06943150240771911,-99.0
163,WTP14adbwvs,g,2021.592875953442,0.23293245388995426,-99.0
164,WTP14adbwvs,g,2021.6496492597348,0.362,-99.0
165,WTP14adbwvs,g,2021.9892479084942,0.10278050979976103,-99.0
166,WTP14adbwvs,g,2022.1223556755394,0.031144913932266077,-99.0
167,WTP14adbwvs,g,2022.2455912595872,0.07410952081024046,-99.0
168,WTP14adbwvs,g,2022.3325847529868,0.09525030046412412,-99.0
169,WTP14adbwvs,g,2022.5369695707432,0.13813268163882203,-99.0
170,WTP14adbwvs,g,2022.6557882459779,0.3249241833225536,-99.0
171,WTP14adbwvs,g,2022.9222568763755,0.2387264739419835,-99.0
172,WTP14adbwvs,g,2023.103893623762,0.10225743937271421,-99.0
173,WTP14adbwvs,V,2015.0893426605012,0.1543044477253108,-99.0
174,WTP14adbwvs,V,2015.2610275691363,0.14691346942147174,-99.0
175,WTP14adbwvs,V,2015.4367104648388,0.16154985543590156,-99.0
176,WTP14adbwvs,V,2015.5331197732728,0.3657014390938019,-99.0
177,WTP14adbwvs,V,2016.0102745329432,0.1279611278984624,-99.0
178,WTP14adbwvs,V,2016.1562564201474,0.1434504920979882,-99.0
179,WTP14adbwvs,V,2016.2635118252167,0.21083216310829997,-99.0
180,WTP14adbwvs,V,2016.3837925985365,0.0683375134226856,-99.0
181,WTP14adbwvs,V,2016.508113817477,0.12051769261090778,-99.0
182,WTP14adbwvs,V,2017.0532883595156,0.19807421339180523,-99.0
183,WTP14adbwvs,V,2017.2037907465008,0.15311795620329927,-99.0
184,WTP14adbwvs,V,2017.368481005757,0.1576188989772904,-99.0
185,WTP14adbwvs,V,2017.4625353688596,0.19031498540076525,-99.0
186,WTP14adbwvs,V,2018.1083178198342,0.23879677834441662,-99.0
187,WTP14adbwvs,V,2018.3127128152491,0.19845512334104007,-99.0
188,WTP14adbwvs,V,2018.4530334153014,0.10755879380578412,-99.0
189,WTP14adbwvs,V,2018.894938772863,1.226,-99.0
190,WTP14adeqka,g,2017.826484196394,0.050865717638202704,-99.0
191,WTP14adeqka,g,2017.8333735813674,1.257,-99.0
192,WTP14adeqka,g,2018.2460643032198,0.13361231487841485,-99.0
193,WTP14adeqka,g,2018.403103160228,0.08322284562505705,-99.0
194,WTP14adeqka,g,2018.5677134043633,0.152173768621931,-99.0
195,WTP14adeqka,g,2018.821730230158,0.13593929460786472,-99.0
196,WTP14adeqka,g,2018.9219562678213,0.14734948781052742,-99.0
197,WTP14adeqka,g,2019.3006611165843,0.07889844025097725,-99.0
198,WTP14adeqka,g,2019.4464178032101,0.07184511608062986,-99.0
199,WTP14adeqka,g,2019.612338194159,0.08948293905646816,-99.0
200,WTP14adeqka,g,2019.7666077765257,0.08011840258434524,-99.0
201,WTP14adeqka,g,2019.9012463004944,0.11441117227544967,-99.0
202,WTP14adeqka,g,2020.2557145099713,0.07623828120798612,-99.0
203,WTP14adeqka,g,2020.3895990622948,0.06806458565912629,-99.0
204,WTP14adeqka,g,2020.4714579169768,0.19962529724014816,-99.0
205,WTP14adeqka,g,2020.6111603345446,0.08553841079882446,-99.0
206,WTP14adeqka,g,2020.7520017663478,0.06143701640594092,-99.0
207,WTP14adeqka,g,2020.9270257040548,0.2027120889424679,-99.0
208,WTP14adeqka,g,2021.2307064984552,0.13522924062712333,-99.0
209,WTP14adeqka,g,2021.3084697737836,0.26407543023517555,-99.0
210,WTP14adeqka,g,2021.4238910326758,0.0695371108504646,-99.0
211,WTP14adeqka,g,2021.6066698623151,0.06402877702270214,-99.0
212,WTP14adeqka,g,2021.771527252562,0.059315419767907926,-99.0
213,WTP14adeqka,g,2021.9080791843714,0.1260350611303838,-99.0
214,WTP14adeqka,g,2022.2220756889205,0.0713637581926665,-99.0
215,WTP14adeqka,g,2022.3183436544452,0.11945406866866387,-99.0
216,WTP14adeqka,g,2022.4413282453045,0.049325106197597196,-99.0
217,WTP14adeqka,g,2022.6003727616012,0.056265415075854947,-99.0
218,WTP14adeqka,g,2022.7802288194512,0.06881589326426751,-99.0
219,WTP14adeqka,g,2022.9075717655637,0.1472271439979829,-99.0
220,WTP14adeqka,g,2022.9263075947806,0.6719999999999998,-99.0
221,WTP14adeqka,g,2023.1430248225424,0.297677393654578,-99.0
222,WTP14adeqka,V,2015.2570474248182,0.3743884439576145,-99.0
223,WTP14adeqka,V,2015.4452430815516,0.13613843417664512,-99.0
224,WTP14adeqka,V,2015.6148373925541,0.187578253339007,-99.0
225,WTP14adeqka,V,2015.7837760354814,0.24621168323409,-99.0
226,WTP14adeqka,V,2016.2508297227828,0.18951584382271527,-99.0
227,WTP14adeqka,V,2016.413790035551,0.38768597389484677,-99.0
228,WTP14adeqka,V,2016.5807763906591,0.17936240360750455,-99.0
229,WTP14adeqka,V,2016.7793523629216,0.19464941131771385,-99.0
230,WTP14adeqka,V,2016.8665685822364,0.4832099817266082,-99.0
231,WTP14adeqka,V,2017.2111084599428,0.2148298164000853,-99.0
232,WTP14adeqka,V,2017.4085749951562,0.2107511368741616,-99.0
233,WTP14adeqka,V,2017.5840076978754,0.13919790841455817,-99.0
234,WTP14adeqka,V,2017.7294785127297,0.15359278647596197,-99.0
235,WTP14adeqka,V,2018.2390568876328,0.4606830603409837,-99.0
236,WTP14adeqka,V,2018.4343199516186,0.11459643000284137,-99.0
237,WTP14adeqka,V,2018.62805910752,0.18944952769661433,-99.0
238,WTP14adeqka,V,2018.6861943527113,0.813785248037172,-99.0
239,WTP14adeqka,V,2018.8043517619008,0.3622938095127507,-99.0
240,WTP15abymdq,g,2017.7901596313268,0.03403015757032818,-99.0
241,WTP15abymdq,g,2017.926740310486,0.04316931937509792,-99.0
242,WTP15abymdq,g,2018.1108653868687,0.07377741362142173,-99.0
243,WTP15abymdq,g,2018.090372437883,0.6632023530420577,-99.0
244,WTP15abymdq,g,2018.2197778465554,0.0742910905000138,-99.0
245,WTP15abymdq,g,2018.6386790247109,0.08822989613233413,-99.0
246,WTP15abymdq,g,2018.8098713386062,0.046161072527499444,-99.0
247,WTP15abymdq,g,2018.915955130012,0.04443467865421692,-99.0
248,WTP15abymdq,g,2019.0178154280936,0.04388601830746113,-99.0
249,WTP15abymdq,g,2019.0962137358358,0.054235342445423246,-99.0
250,WTP15abymdq,g,2019.1984337136005,0.04164371984267412,-99.0
251,WTP15abymdq,g,2019.310441914313,0.19665929915870037,-99.0
252,WTP15abymdq,g,2019.5579879053705,0.06212028040910383,-99.0
253,WTP15abymdq,g,2019.7207147617787,0.11692210546467552,-99.0
254,WTP15abymdq,g,2019.8781332682215,0.06282406074106173,-99.0
255,WTP15abymdq,g,2020.011231405704,0.06446463089808618,-99.0
256,WTP15abymdq,g,2020.1474198311407,0.12790637803784066,-99.0
257,WTP15abymdq,g,2020.2097570416279,0.20326857006762603,-99.0
258,WTP15abymdq,g,2020.558264717536,0.10950487099731251,-99.0
259,WTP15abymdq,g,2020.750112208604,0.09151834221825535,-99.0
260,WTP15abymdq,g,2020.9198099601294,0.07954727512969081,-99.0
261,WTP15abymdq,g,2021.0721990195589,0.07412652907966524,-99.0
262,WTP15abymdq,g,2021.1860001737514,0.1678926163970463,-99.0
263,WTP15abymdq,g,2021.2713631372717,0.13823683735546363,-99.0
264,WTP15abymdq,g,2021.5691199397156,0.058683404183085715,-99.0
265,WTP15abymdq,g,2021.6789249331584,0.1153041949833536,-99.0
266,WTP15abymdq,g,2021.7965130299285,0.0680676446403688,-99.0
267,WTP15abymdq,g,2021.729316809329,0.3959999999999999,-99.0
268,WTP15abymdq,g,2021.9565375433413,0.06688984249217104,-99.0
269,WTP15abymdq,g,2022.1352710203973,0.06469633438440733,-99.0
270,WTP15abymdq,g,2022.2694285017521,0.09532411574822786,-99.0
271,WTP15abymdq,g,2022.556687207892,0.09381836699736995,-99.0
272,WTP15abymdq,g,2022.6953919461926,0.03575796767431684,-99.0
273,WTP15abymdq,g,2022.8235371776582,0.057409161811332335,-99.0
274,WTP15abymdq,g,2022.9265343473546,0.051123126066647775,-99.0
275,WTP15abymdq,g,2023.1073872448153,0.07163583482606847,-99.0
276,WTP15abymdq,g,2023.208687079852,0.408704278557936,-99.0
277,WTP15abymdq,V,2015.0762834335787,0.23008098735499738,-99.0
278,WTP15abymdq,V,2015.2318118695407,0.2624445315787766,-99.0
279,WTP15abymdq,V,2015.5862226027868,0.2035377646224417,-99.0
280,WTP15abymdq,V,2015.7409280980953,0.25741817511401266,-99.0
281,WTP15abymdq,V,2015.9188337685523,0.17732657650794692,-99.0
282,WTP15abymdq,V,2016.090214165614,0.13766762722198647,-99.0
283,WTP15abymdq,V,2016.2200582612882,0.2512292291570647,-99.0
284,WTP15abymdq,V,2016.63539360431,0.16831880273527194,-99.0
285,WTP15abymdq,V,2016.799077757405,0.18447386170473104,-99.0
286,WTP15abymdq,V,2016.980430766325,0.12576521074115735,-99.0
287,WTP15abymdq,V,2017.1441154355525,0.17245446396777997,-99.0
288,WTP15abymdq,V,2017.261330029835,0.4239227545724702,-99.0
289,WTP15abymdq,V,2017.5760613061695,0.28992174415089994,-99.0
290,WTP15abymdq,V,2017.723411337143,0.19440119814022236,-99.0
291,WTP15abymdq,V,2017.9372299888903,0.20925739390364193,-99.0
292,WTP15abymdq,V,2018.1787659175984,0.14603511223815352,-99.0
293,WTP15abymdq,V,2018.2674857186485,0.2538476729704599,-99.0
294,WTP15abymdq,V,2018.6080868864383,0.16847164436806883,-99.0
295,WTP15abymdq,V,2018.6967995199363,0.15596331763906346,-99.0
296,WTP15acbgpn,g,2017.9325083224448,0.16043374280236516,-99.0
297,WTP15acbgpn,g,2017.8973184156202,0.48700000000000004,-99.0
298,WTP15acbgpn,g,2018.219682200163,0.12088415417939963,-99.0
299,WTP15acbgpn,g,2018.4256814558723,0.21716810131096012,-99.0
300,WTP15acbgpn,g,2018.5161269080463,0.3787375116225802,-99.0
301,WTP15acbgpn,g,2018.9293142952117,0.10820058787382032,-99.0
302,WTP15acbgpn,g,2019.0470014815203,0.08134789048780972,0.007615049996419775
303,WTP15acbgpn,g,2019.2526976035617,0.07552845056304625,-99.0
304,WTP15acbgpn,g,2019.3439881398965,0.09271191222379498,-99.0
305,WTP15acbgpn,g,2019.4302158664009,0.08269806260639752,-99.0
306,WTP15acbgpn,g,2019.922231100193,0.09268177287188704,-99.0
307,WTP15acbgpn,g,2020.124784042257,0.08619111753495365,-99.0
308,WTP15acbgpn,g,2020.2839098633524,0.15548576069489117,-99.0
309,WTP15acbgpn,g,2020.4252992886268,0.12317288711650798,-99.0
310,WTP15acbgpn,g,2020.543938280737,0.8488855335645786,0.04948232419844468
311,WTP15acbgpn,g,2020.892446003177,0.07165839175455696,-99.0
312,WTP15acbgpn,g,2021.0671789781354,0.058740401038715896,-99.0
313,WTP15acbgpn,g,2021.2521105105345,0.041654624285668324,-99.0
314,WTP15acbgpn,g,2021.386049985856,0.07565976452231427,-99.0
315,WTP15acbgpn,g,2021.5162902077514,0.32516198429484544,-99.0
316,WTP15acbgpn,g,2021.8686031919092,0.10446873918762861,-99.0
317,WTP15acbgpn,g,2022.0619232437396,0.05213249242978908,-99.0
318,WTP15acbgpn,g,2022.1886958201746,0.03822730058258288,-99.0
319,WTP15acbgpn,g,2022.3549929079888,0.12406004490711756,-99.0
320,WTP15acbgpn,g,2022.5171564312423,0.15503465636210814,-99.0
321,WTP15acbgpn,g,2022.9079399813577,0.10155043860453641,-99.0
322,WTP15acbgpn,g,2023.1324630588194,0.19089280926234434,-99.0
323,WTP15acbgpn,g,2023.2857105293256,0.05813539312302894,-99.0
324,WTP15acbgpn,V,2013.029059419457,0.5249999999999999,-99.0
325,WTP15acbgpn,V,2013.2722018986235,0.41400000000000003,-99.0
326,WTP15acbgpn,V,2013.8420117684934,0.3258339488612972,-99.0
327,WTP15acbgpn,V,2014.0206442185925,0.3773737596458559,-99.0
328,WTP15acbgpn,V,2014.2931347058925,0.18938400097648717,-99.0
329,WTP15acbgpn,V,2014.42196668463,0.164906218481951,-99.0
330,WTP15acbgpn,V,2014.9422769348332,0.11560613924622506,-99.0
331,WTP15acbgpn,V,2015.0813559372862,0.10519835586696627,-99.0
332,WTP15acbgpn,V,2015.2604174739365,0.017975431017662274,-99.0
333,WTP15acbgpn,V,2015.4055053001061,0.12507630581864468,-99.0
334,WTP15acbgpn,V,2015.940856705358,0.15932048405829802,-99.0
335,WTP15acbgpn,V,2016.094411888467,0.12497791999348674,-99.0
336,WTP15acbgpn,V,2016.2473333699547,0.2161925460573818,-99.0
337,WTP15acbgpn,V,2016.3975597072392,0.333115936748796,-99.0
338,WTP15acbgpn,V,2016.8926328401262,0.581198839071815,-99.0
339,WTP15acbgpn,V,2017.077777714981,0.35776243230618715,-99.0
340,WTP15acbgpn,V,2017.2604047967884,0.2619722801032693,-99.0
341,WTP15acbgpn,V,2017.3955536637925,0.4842920433330976,-99.0
342,WTP15acbgpn,V,2017.9495855169632,0.37569660399435595,-99.0
343,WTP15acbgpn,V,2018.151169875438,0.3774068719554336,-99.0
344,WTP15acbgpn,V,2018.3693028541645,0.25679917330659596,-99.0
345,WTP15acbgpn,V,2018.872920638628,0.4874620613807227,-99.0
346,WTP15acbuuv,g,2017.9892622857656,0.06260058534358744,-99.0
347,WTP15acbuuv,g,2018.05092110543,0.44975079632363185,-99.0
348,WTP15acbuuv,g,2018.1729144629296,0.057922882043953544,-99.0
349,WTP15acbuuv,g,2018.3299635315034,0.06381694545885509,-99.0
350,WTP15acbuuv,g,2018.435675465547,0.09697250226835032,-99.0
351,WTP15acbuuv,g,2018.5157343881826,0.44027786726893686,-99.0
352,WTP15acbuuv,g,2018.9219754275846,0.10025396433150394,-99.0
353,WTP15acbuuv,g,2019.0613118218068,0.0539598261945165,-99.0
354,WTP15acbuuv,g,2019.210595072185,0.053342896108612044,-99.0
355,WTP15acbuuv,g,2019.3656284547956,0.09611175747004867,-99.0
356,WTP15acbuuv,g,2019.4883621255394,0.1579235216683873,-99.0
357,WTP15acbuuv,g,2019.5368268841537,0.969895820096262,-99.0
358,WTP15acbuuv,g,2019.9217720472113,0.09280196579021177,-99.0
359,WTP15acbuuv,g,2020.0546891421345,0.07793436281242762,-99.0
360,WTP15acbuuv,g,2020.1535768662807,0.12419209475052542,-99.0
361,WTP15acbuuv,g,2020.2513824157618,0.12093679215420608,-99.0
362,WTP15acbuuv,g,2020.399958446914,0.09312292186345966,-99.0
363,WTP15acbuuv,g,2020.5374345792222,1.072,-99.0
364,WTP15acbuuv,g,2020.9020169109926,0.09149120703412177,-99.0
365,WTP15acbuuv,g,2021.0800325303408,0.06886656054590365,-99.0
366,WTP15acbuuv,g,2021.2128357022782,0.07698394482062558,-99.0
367,WTP15acbuuv,g,2021.2373332124032,0.39133693079337895,-99.0
368,WTP15acbuuv,g,2021.4083932407477,0.07025863604213704,-99.0
369,WTP15acbuuv,g,2021.5126090547162,0.17613327373822385,-99.0
370,WTP15acbuuv,g,2021.894920719272,0.10566166593895278,-99.0
371,WTP15acbuuv,g,2022.0501000868587,0.06868455488550693,-99.0
372,WTP15acbuuv,g,2022.2039469369897,0.06196682968605895,-99.0
373,WTP15acbuuv,g,2022.329766449166,0.0627652146403058,-99.0
374,WTP15acbuuv,g,2022.4076292359287,0.1502140608403228,-99.0
375,WTP15acbuuv,g,2022.4788497175032,0.15771728694784304,-99.0
376,WTP15acbuuv,g,2022.8689991084934,0.08702302659052542,-99.0
377,WTP15acbuuv,g,2023.0328348694372,0.10611643214117276,-99.0
378,WTP15acbuuv,g,2023.163602669979,0.06501421350638625,-99.0
379,WTP15acbuuv,g,2023.2956744659054,0.1347146210804121,-99.0
380,WTP15acbuuv,V,2012.1250188836264,0.3600274303986267,-99.0
381,WTP15acbuuv,V,2013.1421844524225,0.16352232033925868,-99.0
382,WTP15acbuuv,V,2013.2710990548194,0.3058296738767035,-99.0
383,WTP15acbuuv,V,2013.9872943357857,0.3689883843167051,-99.0
384,WTP15acbuuv,V,2014.150206986491,0.4677277593998903,-99.0
385,WTP15acbuuv,V,2014.3251797380556,0.3605527932188693,-99.0
386,WTP15acbuuv,V,2014.485137627576,0.4046260939808765,-99.0
387,WTP15acbuuv,V,2014.8709176663538,0.16330947075391658,-99.0
388,WTP15acbuuv,V,2015.0433557563883,0.1387089099848026,-99.0
389,WTP15acbuuv,V,2015.2283909220885,0.203464869165582,-99.0
390,WTP15acbuuv,V,2015.3807931368842,0.19727720363793932,-99.0
391,WTP15acbuuv,V,2015.4707147769818,0.8171177753855876,-99.0
392,WTP15acbuuv,V,2015.8803053163276,0.283170566691891,-99.0
393,WTP15acbuuv,V,2016.0521471538136,0.09718328194061934,-99.0
394,WTP15acbuuv,V,2016.1695485582575,0.29330741658796217,-99.0
395,WTP15acbuuv,V,2016.2802084952548,0.14519308320230775,-99.0
396,WTP15acbuuv,V,2016.4694506138383,0.25646333908994834,-99.0
397,WTP15acbuuv,V,2016.9189614165368,0.19586377978386496,-99.0
398,WTP15acbuuv,V,2017.0678235536668,0.09580789528866755,-99.0
399,WTP15acbuuv,V,2017.2535019304678,0.14914659217541917,-99.0
400,WTP15acbuuv,V,2017.3869773178978,0.1814907778407018,-99.0
401,WTP15acbuuv,V,2017.4685830159467,0.26022537312758903,-99.0
402,WTP15acbuuv,V,2017.876534836531,0.15043064255123922,-99.0
403,WTP15acbuuv,V,2018.0075943300278,0.35072725654106185,-99.0
404,WTP15acbuuv,V,2018.0649989470305,0.15146180745171897,-99.0
405,WTP15acbuuv,V,2018.2062847380735,0.23077495300203466,-99.0
406,WTP15acbuuv,V,2018.2917285608798,0.4080642588193568,-99.0
407,WTP15acbuuv,V,2018.5107091216205,0.43282076086291044,-99.0
408,WTP15acbuuv,V,2018.8628067340428,0.49932095165019924,-99.0
409,WTP16aaqrcr,g,2018.2305750237515,0.06872649063303633,-99.0
410,WTP16aaqrcr,g,2018.41406787312,0.0924380675756482,-99.0
411,WTP16aaqrcr,g,2018.5630814658218,0.09040796996418828,-99.0
412,WTP16aaqrcr,g,2018.7505336752643,0.09767149244682989,-99.0
413,WTP16aaqrcr,g,2018.8475806427782,0.14599360937712785,-99.0
414,WTP16aaqrcr,g,2019.2440439259385,0.0845382543773907,-99.0
415,WTP16aaqrcr,g,2019.3813718655847,0.06256259862775249,-99.0
416,WTP16aaqrcr,g,2019.5464212738589,0.08118741928162658,-99.0
417,WTP16aaqrcr,g,2019.6969730319404,0.07675475878699992,-99.0
418,WTP16aaqrcr,g,2019.8235576094633,0.1267180768690343,-99.0
419,WTP16aaqrcr,g,2019.8739969980975,1.8820000000000001,-99.0
420,WTP16aaqrcr,g,2020.20291378137,0.15707799069305053,-99.0
421,WTP16aaqrcr,g,2020.425694958644,0.11937609578474759,-99.0
422,WTP16aaqrcr,g,2020.5822160038663,0.09604919147482227,-99.0
423,WTP16aaqrcr,g,2020.8061823559317,0.1172017699411873,-99.0
424,WTP16aaqrcr,g,2020.8739594659712,0.39141523864164574,-99.0
425,WTP16aaqrcr,g,2021.252332201482,0.09730537175111595,-99.0
426,WTP16aaqrcr,g,2021.3799885247122,0.05985999514778546,-99.0
427,WTP16aaqrcr,g,2021.5477673271178,0.09786935757526799,-99.0
428,WTP16aaqrcr,g,2021.716522749709,0.09011859005190642,-99.0
429,WTP16aaqrcr,g,2021.8286490921282,0.27732251982884965,-99.0
430,WTP16aaqrcr,g,2021.8931908389143,1.604,-99.0
431,WTP16aaqrcr,g,2022.2432361418228,0.11605052263832469,-99.0
432,WTP16aaqrcr,g,2022.3650029604357,0.04631521246853692,-99.0
433,WTP16aaqrcr,g,2022.5344902685622,0.07924879895494857,-99.0
434,WTP16aaqrcr,g,2022.6843464022033,0.09481025915910254,-99.0
435,WTP16aaqrcr,g,2022.8060392023267,0.09418399628213453,-99.0
436,WTP16aaqrcr,g,2023.2305682709361,0.06707460247369582,-99.0
437,WTP16aaqrcr,g,2023.3075199049988,0.142985403680582,-99.0
438,WTP16aaqrcr,g,2023.2719740402715,6.404999999999999,-99.0
439,WTP16aaqrcr,V,2014.4443028184417,0.2751166315758167,-99.0
440,WTP16aaqrcr,V,2014.5868909158185,0.25077297204973503,-99.0
441,WTP16aaqrcr,V,2014.7231992007303,0.2534318482582443,-99.0
442,WTP16aaqrcr,V,2014.8661733438016,1.3822478779479987,-99.0
443,WTP16aaqrcr,V,2015.1999578778791,0.19225538424665412,-99.0
444,WTP16aaqrcr,V,2015.4005606391709,0.29117325983875664,-99.0
445,WTP16aaqrcr,V,2015.4735981397323,0.22934527866200918,-99.0
446,WTP16aaqrcr,V,2015.6259307510472,0.21640346069391136,-99.0
447,WTP16aaqrcr,V,2015.8088798440276,0.2797760313477041,-99.0
448,WTP16aaqrcr,V,2016.2253143780038,0.29095323169019777,-99.0
449,WTP16aaqrcr,V,2016.4665301776436,0.19988491318192456,-99.0
450,WTP16aaqrcr,V,2016.660389768499,0.16235535491974476,-99.0
451,WTP16aaqrcr,V,2016.807572140442,0.3214459377000649,-99.0
452,WTP16aaqrcr,V,2017.2436496399407,0.33530773581403556,-99.0
453,WTP16aaqrcr,V,2017.3912302917659,0.3012545815814106,-99.0
454,WTP16aaqrcr,V,2017.5617743275618,0.2825495580047307,-99.0
455,WTP16aaqrcr,V,2017.732268091403,0.16692085428869244,-99.0
456,WTP16aaqrcr,V,2018.2443992246394,0.3420619476724467,-99.0
457,WTP16aaqrcr,V,2018.3406057120433,0.989,-99.0
458,WTP16aaqrcr,V,2018.6187638335837,0.15131352741635767,-99.0
459,WTP16aaqrcr,V,2018.7076118456694,0.870399918817786,-99.0
460,WTP16aatsnw,g,2017.7664372976221,0.2834587835371915,-99.0
461,WTP16aatsnw,g,2018.1379696878869,0.07922328645761244,-99.0
462,WTP16aatsnw,g,2018.2369343180762,0.596491888063535,-99.0
463,WTP16aatsnw,g,2018.3237325661723,0.11984903316350046,-99.0
464,WTP16aatsnw,g,2018.5138040584452,0.11177542166509732,-99.0
465,WTP16aatsnw,g,2018.6494753295021,0.15141668900644742,-99.0
466,WTP16aatsnw,g,2018.756970257176,0.1493632026787569,-99.0
467,WTP16aatsnw,g,2019.137367181506,0.14216367442707942,-99.0
468,WTP16aatsnw,g,2019.306766577655,0.06932676642946066,-99.0
469,WTP16aatsnw,g,2019.3112176660431,0.2382889922407455,-99.0
470,WTP16aatsnw,g,2019.4665716548054,0.08989937602904007,-99.0
471,WTP16aatsnw,g,2019.6191201517147,0.09987762466466361,-99.0
472,WTP16aatsnw,g,2019.703468539077,0.15179366633380784,-99.0
473,WTP16aatsnw,g,2019.7517099626662,0.12516232962757343,-99.0
474,WTP16aatsnw,g,2020.2103178222183,0.1345464312314661,-99.0
475,WTP16aatsnw,g,2020.3946255176409,0.053506760056429334,-99.0
476,WTP16aatsnw,g,2020.5318758813519,0.09898741537713127,-99.0
477,WTP16aatsnw,g,2020.6677212086056,0.1309576266473426,-99.0
478,WTP16aatsnw,g,2020.7720465679517,0.2105500308686365,-99.0
479,WTP16aatsnw,g,2021.0795407165338,0.09272306480129407,-99.0
480,WTP16aatsnw,g,2021.25280926004,0.0511698751503942,-99.0
481,WTP16aatsnw,g,2021.3720190942952,0.04948082755226042,-99.0
482,WTP16aatsnw,g,2021.4450584033314,0.061083415389632835,-99.0
483,WTP16aatsnw,g,2021.553217669477,0.054327823696261615,-99.0
484,WTP16aatsnw,g,2021.7070271458579,0.07961504776869266,-99.0
485,WTP16aatsnw,g,2021.7439239262967,0.590895096997202,-99.0
486,WTP16aatsnw,g,2021.8132923155697,0.3284195333351085,-99.0
487,WTP16aatsnw,g,2022.1019765834596,0.11522848315238735,-99.0
488,WTP16aatsnw,g,2022.241306462465,0.043007790891902334,-99.0
489,WTP16aatsnw,g,2022.4097043745176,0.04595265440098485,-99.0
490,WTP16aatsnw,g,2022.5023373840445,0.13973685713481634,-99.0
491,WTP16aatsnw,g,2022.5918308314124,0.07613876073346586,-99.0
492,WTP16aatsnw,g,2022.7307722879548,0.1486376183640287,-99.0
493,WTP16aatsnw,g,2023.141395213534,0.16682940277429006,-99.0
494,WTP16aatsnw,g,2023.2536407593454,0.10482622952367288,-99.0
495,WTP16aatsnw,g,2023.2639080298707,2.136,-99.0
496,WTP16aatsnw,V,2012.0860370473038,0.6762057592138667,-99.0
497,WTP16aatsnw,V,2012.8358556674657,0.7352143766915764,-99.0
498,WTP16aatsnw,V,2013.1713258701993,0.3550248765197774,-99.0
499,WTP16aatsnw,V,2013.3050614932674,0.13881084986505385,-99.0
500,WTP16aatsnw,V,2013.5098947814215,0.13349196971002708,-99.0
501,WTP16aatsnw,V,2013.6571840541746,0.25573676185140065,-99.0
502,WTP16aatsnw,V,2013.6883799630264,1.797,0.089
503,WTP16aatsnw,V,2014.0625538389577,0.4697715199343352,-99.0
504,WTP16aatsnw,V,2014.3031142945595,0.3239806599582481,-99.0
505,WTP16aatsnw,V,2014.425364889362,0.14384012116293038,-99.0
506,WTP16aatsnw,V,2014.6359582983914,0.17634402514660474,-99.0
507,WTP16aatsnw,V,2014.720492763986,0.3122768189345737,-99.0
508,WTP16aatsnw,V,2015.0855536749102,0.24123993626798299,-99.0
509,WTP16aatsnw,V,2015.2707572929887,0.1752021285350947,-99.0
510,WTP16aatsnw,V,2015.3772613699698,0.15970278835582213,-99.0
511,WTP16aatsnw,V,2015.4947361520321,0.24110980751250655,-99.0
512,WTP16aatsnw,V,2015.6581138116094,0.30137609275839,-99.0
513,WTP16aatsnw,V,2016.1107124368634,0.20254864683858498,-99.0
514,WTP16aatsnw,V,2016.245345897612,0.2757478744240216,-99.0
515,WTP16aatsnw,V,2016.4019850008672,0.14889844766224827,-99.0
516,WTP16aatsnw,V,2016.5801227482807,0.1917425369999141,-99.0
517,WTP16aatsnw,V,2016.6938902069057,0.3822859561769397,-99.0
518,WTP16aatsnw,V,2017.1425752048485,0.24652625053187388,-99.0
519,WTP16aatsnw,V,2017.2797669119097,0.23723774959891017,-99.0
520,WTP16aatsnw,V,2017.4529840535183,0.22782018982702631,-99.0
521,WTP16aatsnw,V,2017.6401129544338,0.19522371443754938,-99.0
522,WTP16aatsnw,V,2017.7321266503996,0.503,-99.0
523,WTP16aatsnw,V,2018.3308139056476,0.19500231968912177,-99.0
524,WTP16aatsnw,V,2018.4436767545121,0.2822758147084935,-99.0
525,WTP16aatsnw,V,2018.5726807837186,0.21229554795812433,-99.0
526,WTP16aatsnw,V,2018.682893451701,0.2605552088631706,-99.0
527,WTP17aaldjb,g,2018.0472789990745,0.06946500713469929,-99.0
528,WTP17aaldjb,g,2018.1786205319888,0.06797815517143221,-99.0
529,WTP17aaldjb,g,2018.3208336195282,0.07578259140821056,-99.0
530,WTP17aaldjb,g,2018.3908910509522,0.2400131353482856,-99.0
531,WTP17aaldjb,g,2018.5079362744923,0.12873989763661556,-99.0
532,WTP17aaldjb,g,2018.6014345102462,0.36146997375895634,-99.0
533,WTP17aaldjb,g,2019.0344486598985,0.08778662981282286,-99.0
534,WTP17aaldjb,g,2019.1880175612118,0.08052321090007988,-99.0
535,WTP17aaldjb,g,2019.2780211454606,0.1480994769107401,-99.0
536,WTP17aaldjb,g,2019.3720093497705,0.09809056513183585,-99.0
537,WTP17aaldjb,g,2019.50309814653,0.1429958111220192,-99.0
538,WTP17aaldjb,g,2019.582129601193,0.15631522229839653,-99.0
539,WTP17aaldjb,g,2020.0259429801288,0.0760784769229449,-99.0
540,WTP17aaldjb,g,2020.1744424443832,0.09472471000609459,-99.0
541,WTP17aaldjb,g,2020.1853593324342,0.6844575824174466,-99.0
542,WTP17aaldjb,g,2020.3565552430957,0.10350348731395675,-99.0
543,WTP17aaldjb,g,2020.501977694494,0.0988705452160239,-99.0
544,WTP17aaldjb,g,2020.611430395387,0.5267907889737191,-99.0
545,WTP17aaldjb,g,2020.9822197115166,0.12447651231470563,-99.0
546,WTP17aaldjb,g,2021.1272617594204,0.08563885508159448,-99.0
547,WTP17aaldjb,g,2021.3011750249552,0.093818062834068,-99.0
548,WTP17aaldjb,g,2021.4663901786507,0.1221292055155561,-99.0
549,WTP17aaldjb,g,2021.5125551990934,0.9169837002999459,-99.0
550,WTP17aaldjb,g,2021.5916615698827,0.16491755436333205,-99.0
551,WTP17aaldjb,g,2022.00949550146,0.1586526382295671,-99.0
552,WTP17aaldjb,g,2022.1336501421251,0.06699350230898446,-99.0
553,WTP17aaldjb,g,2022.3011694510305,0.0488850684279071,-99.0
554,WTP17aaldjb,g,2022.4079182141456,0.16191669354500204,-99.0
555,WTP17aaldjb,g,2022.5339626601296,0.1058500232733542,-99.0
556,WTP17aaldjb,g,2022.6202185131258,0.19465112217831582,-99.0
557,WTP17aaldjb,g,2023.037563914746,0.16917541533172503,-99.0
558,WTP17aaldjb,g,2023.1842956738005,0.07512271362990108,-99.0
559,WTP17aaldjb,g,2023.2850358775422,0.09435028888825386,-99.0
560,WTP17aaldjb,V,2012.1373879762282,0.1708710713740187,-99.0
561,WTP17aaldjb,V,2012.2557238672996,0.24903225488846498,-99.0
562,WTP17aaldjb,V,2012.4324454196708,1.005,-99.0
563,WTP17aaldjb,V,2013.1140353586522,0.21454833529041556,-99.0
564,WTP17aaldjb,V,2013.299683000904,0.22379368602056282,-99.0
565,WTP17aaldjb,V,2013.4541970068026,0.32256120429201846,-99.0
566,WTP17aaldjb,V,2013.9501019356794,0.2198797523748373,-99.0
567,WTP17aaldjb,V,2014.181160305666,0.481128672251718,-99.0
568,WTP17aaldjb,V,2014.3927073605569,0.21855227790336942,-99.0
569,WTP17aaldjb,V,2014.5228556256443,0.5707286902007185,-99.0
570,WTP17aaldjb,V,2015.0070248563218,0.19222556100651483,-99.0
571,WTP17aaldjb,V,2015.1765723235467,0.2538368089909395,-99.0
572,WTP17aaldjb,V,2015.329327758143,0.3691937065699838,-99.0
573,WTP17aaldjb,V,2015.4690148017496,0.2616363810539103,-99.0
574,WTP17aaldjb,V,2016.0123891290773,0.17394425053878132,-99.0
575,WTP17aaldjb,V,2016.1589505684565,0.18290866403006312,-99.0
576,WTP17aaldjb,V,2016.3334740928628,0.20030606855128502,-99.0
577,WTP17aaldjb,V,2016.4673213691801,0.2164849475688772,-99.0
578,WTP17aaldjb,V,2017.0119532565645,0.20080058750593915,-99.0
579,WTP17aaldjb,V,2017.1609581239654,0.17629494207986413,-99.0
580,WTP17aaldjb,V,2017.3234962699519,0.08559670890175734,-99.0
581,WTP17aaldjb,V,2017.503645998486,0.2088144600150124,-99.0
582,WTP17aaldjb,V,2017.600225647251,0.4894771290605979,-99.0
583,WTP17aaldjb,V,2018.0232272855226,0.217126429078021,-99.0
584,WTP17aaldjb,V,2018.1228690728658,0.23842544621997408,-99.0
585,WTP17aaldjb,V,2018.2408149823232,0.2357450784300062,-99.0
586,WTP17aaldjb,V,2018.485845507703,0.2608834456603203,-99.0
587,WTP17aaldjb,V,2018.5970771479065,0.2746000987843693,-99.0
588,WTP17aaldjb,V,2018.8908735709388,1.1190375295267214,-99.0
589,WTP17aalzpx,g,2017.7894979794996,0.03452667826759054,-99.0
590,WTP17aalzpx,g,2017.9205922084968,0.027517743522015595,-99.0
591,WTP17aalzpx,g,2017.9070416999123,0.5809825480964148,-99.0
592,WTP17aalzpx,g,2018.1423595604363,0.07734526652779307,-99.0
593,WTP17aalzpx,g,2018.5413872813351,0.2060009288826497,-99.0
594,WTP17aalzpx,g,2018.6358353591597,0.1810520158377236,-99.0
595,WTP17aalzpx,g,2018.7321940379663,0.0661883076703163,-99.0
596,WTP17aalzpx,g,2018.9022813642443,0.04817245846883647,-99.0
597,WTP17aalzpx,g,2019.018178805217,0.11279345038950088,-99.0
598,WTP17aalzpx,g,2019.1023300729253,0.053904627398128555,-99.0
599,WTP17aalzpx,g,2019.052288490897,0.7374774393148914,-99.0
600,WTP17aalzpx,g,2019.5510087453526,0.07225456106545744,-99.0
601,WTP17aalzpx,g,2019.662155365275,0.08410879310987139,-99.0
602,WTP17aalzpx,g,2019.7487243840685,0.07888506649046138,-99.0
603,WTP17aalzpx,g,2019.8418414573705,0.0686736361471836,-99.0
604,WTP17aalzpx,g,2019.9077343389088,0.08796021498487903,-99.0
605,WTP17aalzpx,g,2020.0043068263703,0.05061654926205189,-99.0
606,WTP17aalzpx,g,2020.0751080968935,0.27919745325651585,-99.0
607,WTP17aalzpx,g,2020.1377035431055,0.1843498876946331,-99.0
608,WTP17aalzpx,g,2020.5395194993814,0.0825704279116683,-99.0
609,WTP17aalzpx,g,2020.6826860016492,0.09313938758710805,-99.0
610,WTP17aalzpx,g,2020.8445179513744,0.03871204083134633,-99.0
611,WTP17aalzpx,g,2020.951542331268,0.10307521977611589,-99.0
612,WTP17aalzpx,g,2021.0634220231914,0.07809227212907605,-99.0
613,WTP17aalzpx,g,2021.1748228071615,0.1513248130251025,-99.0
614,WTP17aalzpx,g,2021.5555477477362,0.09863887317234604,-99.0
615,WTP17aalzpx,g,2021.6875884234037,0.08023883785065723,-99.0
616,WTP17aalzpx,g,2021.7641095815934,0.10269072792583395,-99.0
617,WTP17aalzpx,g,2021.8819612168738,0.11833266568936074,-99.0
618,WTP17aalzpx,g,2022.0067261698534,0.11470944046237011,-99.0
619,WTP17aalzpx,g,2022.1059829931278,0.07715861988011949,-99.0
620,WTP17aalzpx,g,2022.194520246036,1.359,-99.0
621,WTP17aalzpx,g,2022.571257212071,0.09599974654803002,-99.0
622,WTP17aalzpx,g,2022.6938579809207,0.06695756285702385,-99.0
623,WTP17aalzpx,g,2022.8205667641362,0.06559948641883341,-99.0
624,WTP17aalzpx,g,2022.876274604995,0.1495429904825616,-99.0
625,WTP17aalzpx,g,2022.9672592251407,0.0686811237022425,-99.0
626,WTP17aalzpx,g,2023.1017141976313,0.08931897230830502,-99.0
627,WTP17aalzpx,g,2023.1973677640017,1.3024084323303189,-99.0
628,WTP17aalzpx,V,2012.123925177473,0.29273173756398135,-99.0
629,WTP17aalzpx,V,2012.8783345421155,0.109803593033519,-99.0
630,WTP17aalzpx,V,2013.0567634690835,0.26673004592222693,-99.0
631,WTP17aalzpx,V,2013.596922590329,0.15602631866859237,-99.0
632,WTP17aalzpx,V,2013.7678636936341,0.20658714078044038,-99.0
633,WTP17aalzpx,V,2013.942165440129,0.19370259154470268,-99.0
634,WTP17aalzpx,V,2014.0658496280967,0.44569938557968736,-99.0
635,WTP17aalzpx,V,2014.5997752018934,0.19741057521301383,-99.0
636,WTP17aalzpx,V,2014.7391914306163,0.13806373096022548,-99.0
637,WTP17aalzpx,V,2014.9323680818236,0.12599582310314822,-99.0
638,WTP17aalzpx,V,2015.071287840595,0.18617970856455196,-99.0
639,WTP17aalzpx,V,2015.5659737386982,0.3015491884084598,-99.0
640,WTP17aalzpx,V,2015.6959033134858,0.17130290643072388,-99.0
641,WTP17aalzpx,V,2015.8912316586056,0.10469951310323664,-99.0
642,WTP17aalzpx,V,2016.0610975023578,0.12037236847449256,-99.0
643,WTP17aalzpx,V,2016.157632931331,0.3983861663314692,-99.0
644,WTP17aalzpx,V,2016.6223230213627,0.08968982607730251,-99.0
645,WTP17aalzpx,V,2016.7697217628597,0.17493345255143297,-99.0
646,WTP17aalzpx,V,2016.9377502357381,0.17461611704994975,-99.0
647,WTP17aalzpx,V,2017.092394141923,0.18328834324025198,-99.0
648,WTP17aalzpx,V,2017.5789428638343,0.1563567432892773,-99.0
649,WTP17aalzpx,V,2017.7516517912416,0.15628502538204606,-99.0
650,WTP17aalzpx,V,2017.9048816051718,0.15330338982320796,-99.0
651,WTP17aalzpx,V,2018.0452686470205,0.17849497304804385,-99.0
652,WTP17aalzpx,V,2018.1158090772592,0.3086760285036406,-99.0
653,WTP17aalzpx,V,2018.5586112970755,0.24364660939145866,-99.0
654,WTP17aalzpx,V,2018.7299533309729,0.1465133127663968,-99.0
655,WTP17aalzpx,V,2018.8828138718761,0.49063589567174737,-99.0
656,WTP17aamoxe,g,2017.7954700419887,0.07823067603758561,0.007815847809553444
657,WTP17aamoxe,g,2017.927024484889,0.25394571437314234,-99.0
658,WTP17aamoxe,g,2018.3090130700666,0.12876994224409538,-99.0
659,WTP17aamoxe,g,2018.4583533443406,0.1420184501821789,-99.0
660,WTP17aamoxe,g,2018.6441454909411,0.12631573411995262,-99.0
661,WTP17aamoxe,g,2018.8080233500268,0.08375533893014357,-99.0
662,WTP17aamoxe,g,2018.900784584491,0.25585162367329684,-99.0
663,WTP17aamoxe,g,2019.3103036200193,0.09993770169051971,-99.0
664,WTP17aamoxe,g,2019.2066113830226,2.617,-99.0
665,WTP17aamoxe,g,2019.4762759498312,0.09065225819407088,-99.0
666,WTP17aamoxe,g,2019.580552797223,0.054437506817010636,-99.0
667,WTP17aamoxe,g,2019.6521989838923,0.055252199918135486,-99.0
668,WTP17aamoxe,g,2019.764112221614,0.07354167711384445,-99.0
669,WTP17aamoxe,g,2019.8495507920732,0.46624500601849334,-99.0
670,WTP17aamoxe,g,2019.8938182575894,0.12259458772938973,-99.0
671,WTP17aamoxe,g,2020.2090557561858,0.49479931769298685,-99.0
672,WTP17aamoxe,g,2020.452828875594,0.11176411469964605,-99.0
673,WTP17aamoxe,g,2020.5964151683547,0.06694094364980184,-99.0
674,WTP17aamoxe,g,2020.8153709682292,0.08790792463387415,-99.0
675,WTP17aamoxe,g,2020.9101017682651,0.21409600782924906,-99.0
676,WTP17aamoxe,g,2021.2890528059156,0.11259968255246902,-99.0
677,WTP17aamoxe,g,2021.3691632541384,0.15859197295651264,-99.0
678,WTP17aamoxe,g,2021.474135604983,0.07013167177716262,-99.0
679,WTP17aamoxe,g,2021.6360866911903,0.0705874569259719,-99.0
680,WTP17aamoxe,g,2021.7566214755182,0.08044547282601634,-99.0
681,WTP17aamoxe,g,2021.866146636558,0.07340071151190641,-99.0
682,WTP17aamoxe,g,2021.958303143011,3.5909999999999997,-99.0
683,WTP17aamoxe,g,2022.2896436467647,0.06707002328588606,-99.0
684,WTP17aamoxe,g,2022.4746101762582,0.050721858541277,-99.0
685,WTP17aamoxe,g,2022.6245924538625,0.04755359491467791,-99.0
686,WTP17aamoxe,g,2022.6067553609385,1.0437333577554029,-99.0
687,WTP17aamoxe,g,2022.7733396174344,0.06310155796504476,-99.0
688,WTP17aamoxe,g,2022.8944970403445,0.18057193703236435,-99.0
689,WTP17aamoxe,g,2022.9450776869528,0.18660749279500816,-99.0
690,WTP17aamoxe,g,2023.2876866631088,0.06709606869308553,-99.0
691,WTP17aamoxe,g,2023.2432752043824,2.62175213325421,0.0971214859240504
692,WTP17aamoxe,V,2014.446369475491,0.20223875678976488,-99.0
693,WTP17aamoxe,V,2014.6166927070908,0.12646982982349395,-99.0
694,WTP17aamoxe,V,2014.7665124147804,0.20006372362499633,-99.0
695,WTP17aamoxe,V,2014.9174737285,0.43993787975558085,-99.0
696,WTP17aamoxe,V,2015.3066625381368,0.2674878750029072,-99.0
697,WTP17aamoxe,V,2015.4671074380733,0.24480837416813916,-99.0
698,WTP17aamoxe,V,2015.6423860021305,0.20041965204406714,-99.0
699,WTP17aamoxe,V,2015.8290716285699,0.12970540381458323,-99.0
700,WTP17aamoxe,V,2015.9106551951104,0.33862787728341437,-99.0
701,WTP17aamoxe,V,2016.3106004188962,0.4133927243710393,-99.0
702,WTP17aamoxe,V,2016.4654084304434,0.17108328526759298,-99.0
703,WTP17aamoxe,V,2016.6487411241462,0.1170347027502703,-99.0
704,WTP17aamoxe,V,2016.8089897004131,0.08971158065044829,-99.0
705,WTP17aamoxe,V,2016.9087904583603,0.2924450006035517,-99.0
706,WTP17aamoxe,V,2017.300388296693,0.1765991575058986,-99.0
707,WTP17aamoxe,V,2017.236755409849,2.178,-99.0
708,WTP17aamoxe,V,2017.49768234864,0.12072398211262308,-99.0
709,WTP17aamoxe,V,2017.6719381067528,0.2594843351751026,-99.0
710,WTP17aamoxe,V,2017.8471186491668,0.2601892981014474,-99.0
711,WTP17aamoxe,V,2018.2997713474479,0.21416833838295507,-99.0
712,WTP17aamoxe,V,2018.592246330203,0.269327294499937,-99.0
713,WTP17aamoxe,V,2018.6975481750599,0.41799782401903496,-99.0
714,WTP17aamzew,g,2017.8733023656164,0.06091840915055242,-99.0
715,WTP17aamzew,g,2017.9578185747207,0.16673826830844615,-99.0
716,WTP17aamzew,g,2018.0753337694603,0.029225279314613467,-99.0
717,WTP17aamzew,g,2018.1989631308572,0.09213195443796307,-99.0
718,WTP17aamzew,g,2018.3198841712592,0.05778088608071011,-99.0
719,WTP17aamzew,g,2018.4294772351882,0.38707624738945545,-99.0
720,WTP17aamzew,g,2018.9399998883525,0.04895314707789781,-99.0
721,WTP17aamzew,g,2019.0914774881205,0.06408515318371676,-99.0
722,WTP17aamzew,g,2019.233759711415,0.060103857463945594,-99.0
723,WTP17aamzew,g,2019.3012827456546,0.28214537532835293,-99.0
724,WTP17aamzew,g,2019.3644148014166,0.07304652436856689,-99.0
725,WTP17aamzew,g,2019.8488045928048,0.06970593660959817,-99.0
726,WTP17aamzew,g,2019.933535517083,0.15058457958949495,-99.0
727,WTP17aamzew,g,2020.044439518771,0.03792666354487099,-99.0
728,WTP17aamzew,g,2020.148162396244,0.06805288315060995,-99.0
729,WTP17aamzew,g,2020.2728803468078,0.07199983333914996,-99.0
730,WTP17aamzew,g,2020.3773043661738,0.14718992128225789,-99.0
731,WTP17aamzew,g,2020.4428726247058,0.26144352989943853,-99.0
732,WTP17aamzew,g,2020.8316207937683,0.11420931353536487,-99.0
733,WTP17aamzew,g,2020.948404042687,0.11999178611760383,0.009296513500562653
734,WTP17aamzew,g,2021.0662958853397,0.08434067192589223,-99.0
735,WTP17aamzew,g,2021.2420056149751,0.040425922227623215,-99.0
736,WTP17aamzew,g,2021.3197688754738,0.3339481333326842,-99.0
737,WTP17aamzew,g,2021.3752878220253,0.1017722463059003,-99.0
738,WTP17aamzew,g,2021.8248700256197,0.11230038884299125,-99.0
739,WTP17aamzew,g,2021.9984516018517,0.06842466514410175,-99.0
740,WTP17aamzew,g,2022.0894644043958,0.08918106732045232,-99.0
741,WTP17aamzew,g,2022.2039846590528,0.04523571700268566,-99.0
742,WTP17aamzew,g,2022.350182911018,0.09800721932676394,-99.0
743,WTP17aamzew,g,2022.4567919181518,0.4020360277793638,-99.0
744,WTP17aamzew,g,2022.8394714159797,0.069686786964272,-99.0
745,WTP17aamzew,g,2022.7859727415953,1.26601397564922,-99.0
746,WTP17aamzew,g,2023.0051265698792,0.059138612597152966,-99.0
747,WTP17aamzew,g,2023.0720684836622,0.248752915672596,-99.0
748,WTP17aamzew,g,2023.187379989203,0.05144805983290603,-99.0
749,WTP17aamzew,g,2023.289209861105,0.07165081803486036,-99.0
750,WTP17aamzew,V,2013.9105689109388,0.2866316362188748,-99.0
751,WTP17aamzew,V,2014.1164140334213,0.3055526821677871,-99.0
752,WTP17aamzew,V,2014.329874402911,0.1476262763573461,-99.0
753,WTP17aamzew,V,2014.399815710814,0.40472279417856094,-99.0
754,WTP17aamzew,V,2014.879108502088,0.1966704227707541,-99.0
755,WTP17aamzew,V,2014.9654809853869,0.3044953296077842,-99.0
756,WTP17aamzew,V,2015.0877304298313,0.18293258591260764,-99.0
757,WTP17aamzew,V,2015.2563918829449,0.1480857821066847,-99.0
758,WTP17aamzew,V,2015.3788885189804,0.4948057390821719,-99.0
759,WTP17aamzew,V,2015.8296126335933,0.1915151867849863,-99.0
760,WTP17aamzew,V,2016.0196369549378,0.11597486316699421,-99.0
761,WTP17aamzew,V,2016.141405156444,0.11722696021768422,-99.0
762,WTP17aamzew,V,2016.299762114303,0.15588201209101177,-99.0
763,WTP17aamzew,V,2016.4077897229492,0.9970000000000001,-99.0
764,WTP17aamzew,V,2016.8431253936649,0.2553171836015101,-99.0
765,WTP17aamzew,V,2017.0387919431917,0.1275746236543162,-99.0
766,WTP17aamzew,V,2017.1426382766767,0.2233750065794821,-99.0
767,WTP17aamzew,V,2017.2544293234398,0.14678195951128353,-99.0
768,WTP17aamzew,V,2017.3846506568354,0.3357314423331451,-99.0
769,WTP17aamzew,V,2017.805776836529,0.3199788318990277,-99.0
770,WTP17aamzew,V,2018.0160989483713,0.1450896410300017,-99.0
771,WTP17aamzew,V,2018.1636773577554,0.19015684974842073,-99.0
772,WTP17aamzew,V,2018.278450792692,0.26462397630117085,-99.0
773,WTP17aamzew,V,2018.3503275811142,0.7111298678481774,-99.0
774,WTP17aamzew,V,2018.8316766734897,0.3167263933026868,-99.0
775,WTP17aamzew,V,2018.8945614795355,0.8761320172532607,-99.0
776,WTP17aanbso,g,2017.971505057545,0.06468818732880671,-99.0
777,WTP17aanbso,g,2018.1977259169614,0.09003888775162044,-99.0
778,WTP17aanbso,g,2018.3299140484917,0.059785727480392695,-99.0
779,WTP17aanbso,g,2018.484918999729,0.11276270323039932,-99.0
780,WTP17aanbso,g,2018.9707612882123,0.1046706168384986,-99.0
781,WTP17aanbso,g,2019.0892167103598,0.09481169922818232,-99.0
782,WTP17aanbso,g,2019.2882477860705,0.052743542966736036,-99.0
783,WTP17aanbso,g,2019.4237647434559,0.06661223163229638,-99.0
784,WTP17aanbso,g,2019.5548504289698,0.12609962429663865,-99.0
785,WTP17aanbso,g,2019.9759713681499,0.06227121365956102,-99.0
786,WTP17aanbso,g,2020.1672661999905,0.09724462722815413,-99.0
787,WTP17aanbso,g,2020.3624390393627,0.06536247657848693,-99.0
788,WTP17aanbso,g,2020.5072450851083,0.09726949350108843,-99.0
789,WTP17aanbso,g,2020.9470767332489,0.08365518476159475,-99.0
790,WTP17aanbso,g,2021.0862559513455,0.04998996242147388,-99.0
791,WTP17aanbso,g,2021.2753771409552,0.03935518552139893,-99.0
792,WTP17aanbso,g,2021.4359151173762,0.07009842414470738,-99.0
793,WTP17aanbso,g,2021.5721943679025,0.1921328664729099,-99.0
794,WTP17aanbso,g,2021.8914999907954,0.10636643493445291,-99.0
795,WTP17aanbso,g,2022.1133126030327,0.050636857970968424,-99.0
796,WTP17aanbso,g,2022.2707346750308,0.06102858071680511,-99.0
797,WTP17aanbso,g,2022.2037036134261,0.48800000000000004,-99.0
798,WTP17aanbso,g,2022.4648906422528,0.1478228096328094,-99.0
799,WTP17aanbso,g,2022.5706894960958,0.16404259514053993,-99.0
800,WTP17aanbso,g,2022.9511193080382,0.16746607465397512,-99.0
801,WTP17aanbso,g,2023.274941668537,0.13043636991576707,-99.0
802,WTP17aanbso,V,2013.9435662727924,0.20548250856900754,-99.0
803,WTP17aanbso,V,2014.151057737497,0.36757876846194176,-99.0
804,WTP17aanbso,V,2014.3737351000968,0.1482617669091789,-99.0
805,WTP17aanbso,V,2014.471701978885,0.18391065053972205,-99.0
806,WTP17aanbso,V,2014.928126761197,0.25562533911673857,-99.0
807,WTP17aanbso,V,2015.0906014692814,0.09405542239185724,-99.0
808,WTP17aanbso,V,2015.260736865703,0.13817550847686627,-99.0
809,WTP17aanbso,V,2015.4124507270528,0.20737190411418216,-99.0
810,WTP17aanbso,V,2015.4737329835305,0.3200150333581016,-99.0
811,WTP17aanbso,V,2015.995434425085,0.12493298004194557,-99.0
812,WTP17aanbso,V,2016.1455000753006,0.13179683746989126,-99.0
813,WTP17aanbso,V,2016.2965724083685,0.14521437554773584,-99.0
814,WTP17aanbso,V,2016.44001632962,0.1438178985250255,-99.0
815,WTP17aanbso,V,2016.9638000154907,0.21398000234407027,-99.0
816,WTP17aanbso,V,2017.1013407452979,0.187766661767795,-99.0
817,WTP17aanbso,V,2017.2595813599298,0.1408095403591186,-99.0
818,WTP17aanbso,V,2017.4313060669708,0.13005474690946967,-99.0
819,WTP17aanbso,V,2018.0240892186503,0.1340058999672036,-99.0
820,WTP17aanbso,V,2018.1738771644223,0.23668395643863765,-99.0
821,WTP17aanbso,V,2018.3656686347267,0.14387674568814396,-99.0
822,WTP17aanbso,V,2018.4745685670773,0.35964932546164485,-99.0
823,WTP17aanbso,V,2018.9036425877387,0.4781128472788063,-99.0
824,WTP18aajkmk,g,2017.778931708738,0.036589431501755226,-99.0
825,WTP18aajkmk,g,2017.9113858902224,0.03994305239290254,-99.0
826,WTP18aajkmk,g,2018.1107255732197,0.12892895074487581,-99.0
827,WTP18aajkmk,g,2018.5214317071898,0.1553463288861821,-99.0
828,WTP18aajkmk,g,2018.711326155629,0.07884193118084733,-99.0
829,WTP18aajkmk,g,2018.7880609953038,0.13121062938605507,-99.0
830,WTP18aajkmk,g,2018.899922273795,0.0776368320895081,-99.0
831,WTP18aajkmk,g,2019.032530467817,0.064031967884826,-99.0
832,WTP18aajkmk,g,2019.1532905247584,0.37646575158585044,-99.0
833,WTP18aajkmk,g,2019.5392874083277,0.07650427821483193,-99.0
834,WTP18aajkmk,g,2019.6652282354978,0.09855814834944575,-99.0
835,WTP18aajkmk,g,2019.7765254224844,0.06898674560880144,-99.0
836,WTP18aajkmk,g,2019.9024761906405,0.10664326005646528,-99.0
837,WTP18aajkmk,g,2020.0314840783583,0.07521299051770682,-99.0
838,WTP18aajkmk,g,2020.1229747581735,0.13405235954666542,-99.0
839,WTP18aajkmk,g,2020.537735712371,0.08822144809213382,-99.0
840,WTP18aajkmk,g,2020.6660619448705,0.08245245596301516,-99.0
841,WTP18aajkmk,g,2020.864831074277,0.0683021977085731,-99.0
842,WTP18aajkmk,g,2020.9532920620022,0.11637874064587667,-99.0
843,WTP18aajkmk,g,2021.0552257093557,0.10616320174585027,-99.0
844,WTP18aajkmk,g,2021.1118929525312,1.1156122332034042,-99.0
845,WTP18aajkmk,g,2021.5496240014777,0.09530394857442284,-99.0
846,WTP18aajkmk,g,2021.6656159384372,0.07460330550499253,-99.0
847,WTP18aajkmk,g,2021.763697064552,0.07557742142180249,-99.0
848,WTP18aajkmk,g,2021.8634962405347,0.07418511986380757,-99.0
849,WTP18aajkmk,g,2021.8664636170743,0.3750507588847738,-99.0
850,WTP18aajkmk,g,2022.052280186615,0.10221741783931067,-99.0
851,WTP18aajkmk,g,2022.1556515111636,0.31087489741742175,-99.0
852,WTP18aajkmk,g,2022.5483132926197,0.12358546040743647,-99.0
853,WTP18aajkmk,g,2022.5872538738038,0.303343463753668,-99.0
854,WTP18aajkmk,g,2022.6913012141147,0.0931448128229088,-99.0
855,WTP18aajkmk,g,2022.850900609454,0.07944946073255968,-99.0
856,WTP18aajkmk,g,2023.0516396518506,0.11648364654760274,-99.0
857,WTP18aajkmk,g,2023.1311621223722,0.38552268617170626,-99.0
858,WTP18aajkmk,V,2013.9161326481903,0.22676620207586387,-99.0
859,WTP18aajkmk,V,2014.0585430222584,0.46208058017567477,-99.0
860,WTP18aajkmk,V,2014.590118991515,0.29794378558447476,-99.0
861,WTP18aajkmk,V,2014.7405405598738,0.21217314074307445,-99.0
862,WTP18aajkmk,V,2014.9317525267006,0.1609033263337697,-99.0
863,WTP18aajkmk,V,2015.064507482902,0.26245508399505346,-99.0
864,WTP18aajkmk,V,2015.1698662328768,3.451,-99.0
865,WTP18aajkmk,V,2015.5090243904574,0.39512875018215243,-99.0
866,WTP18aajkmk,V,2015.6652788442564,0.1351854315143519,-99.0
867,WTP18aajkmk,V,2015.8358948029315,0.12097369789775764,-99.0
868,WTP18aajkmk,V,2016.0144240143532,0.13977144194869245,-99.0
869,WTP18aajkmk,V,2016.1171661801966,0.2575818186852471,-99.0
870,WTP18aajkmk,V,2016.568595157974,0.13254176420368927,-99.0
871,WTP18aajkmk,V,2016.668724501808,0.17089076592706978,-99.0
872,WTP18aajkmk,V,2016.7898613407249,0.11009300488085359,-99.0
873,WTP18aajkmk,V,2016.967893047582,0.16761598312066173,-99.0
874,WTP18aajkmk,V,2017.1057639421222,0.2582906549071947,-99.0
875,WTP18aajkmk,V,2017.5654870850155,0.19014118349731865,-99.0
876,WTP18aajkmk,V,2017.7646946110872,0.14054274603416334,-99.0
877,WTP18aajkmk,V,2017.901652040793,0.14659491055458426,-99.0
878,WTP18aajkmk,V,2018.057993088748,0.15863979397935982,-99.0
879,WTP18aajkmk,V,2018.006413605213,1.1280000000000001,-99.0
880,WTP18aajkmk,V,2018.5916251392835,0.21635895934864158,-99.0
881,WTP18aajkmk,V,2018.7101188728352,0.1796849130241256,-99.0
882,WTP18aajkmk,V,2018.8665924492075,0.2721293895422962,-99.0
883,WTP18aamced,g,2018.0459199206907,0.13573463180367645,-99.0
884,WTP18aamced,g,2018.2053645132312,0.0662809483989792,-99.0
885,WTP18aamced,g,2018.2769844518136,0.5033994475898641,-99.0
886,WTP18aamced,g,2018.3856703931635,0.1590432664285389,-99.0
887,WTP18aamced,g,2018.659885767307,0.24650431305346698,-99.0
888,WTP18aamced,g,2018.5596730128739,1.3450000000000002,-99.0
889,WTP18aamced,g,2018.7466175075476,0.3473453930045767,-99.0
890,WTP18aamced,g,2019.0285709333436,0.20498379144968132,-99.0
891,WTP18aamced,g,2019.2612643223786,0.08832508616993413,-99.0
892,WTP18aamced,g,2019.3824896736862,0.09622008760261662,-99.0
893,WTP18aamced,g,2019.5421795660743,0.15136249094194953,-99.0
894,WTP18aamced,g,2019.6699272579333,0.15701237970477228,-99.0
895,WTP18aamced,g,2020.0273161326434,0.16067896390763778,-99.0
896,WTP18aamced,g,2020.2740175466167,0.09861753735230892,-99.0
897,WTP18aamced,g,2020.4120676314315,0.10663111773859925,-99.0
898,WTP18aamced,g,2020.5967565370354,0.08683594259439978,-99.0
899,WTP18aamced,g,2020.7635872189164,0.4105768959049263,-99.0
900,WTP18aamced,g,2021.0567390949639,0.05052859946735302,-99.0
901,WTP18aamced,g,2021.2170264262109,0.1593914327998486,-99.0
902,WTP18aamced,g,2021.3894663129242,0.07397735461873253,-99.0
903,WTP18aamced,g,2021.5397764163638,0.0697212879193165,-99.0
904,WTP18aamced,g,2021.704924043132,0.11498117294021909,-99.0
905,WTP18aamced,g,2022.0556985539733,0.1275560120538848,-99.0
906,WTP18aamced,g,2022.205444178201,0.09764681052192987,-99.0
907,WTP18aamced,g,2022.3240700612496,0.14129061558361422,-99.0
908,WTP18aamced,g,2022.4558535978438,0.10831699586570633,-99.0
909,WTP18aamced,g,2022.6146737747292,0.08350799222610789,-99.0
910,WTP18aamced,g,2022.7501828776033,0.23847492850963792,-99.0
911,WTP18aamced,g,2023.0222301487843,0.17344673982641498,-99.0
912,WTP18aamced,g,2023.2320064423322,0.0897420521296307,-99.0
913,WTP18aamced,g,2023.2878386549412,0.13978548250888645,-99.0
914,WTP18aamced,V,2013.2098654468614,0.20575416706541558,-99.0
915,WTP18aamced,V,2013.3474610896776,0.3100131974760698,-99.0
916,WTP18aamced,V,2013.5301279771234,0.18979852258123303,-99.0
917,WTP18aamced,V,2013.6638124274784,0.4298635074860174,-99.0
918,WTP18aamced,V,2014.0122481490462,0.31876612118657377,-99.0
919,WTP18aamced,V,2014.3368012772914,0.25051539588288113,-99.0
920,WTP18aamced,V,2014.4697527545516,0.2229182123080183,-99.0
921,WTP18aamced,V,2014.6303819606512,0.2548198476635267,-99.0
922,WTP18aamced,V,2014.6472518276576,-3.345,-99.0
923,WTP18aamced,V,2015.039600498704,0.24711883476206478,-99.0
924,WTP18aamced,V,2015.194316793607,0.22367692194169336,-99.0
925,WTP18aamced,V,2015.3689746189375,0.20756893412283978,-99.0
926,WTP18aamced,V,2015.5400319728014,0.19608753198026188,-99.0
927,WTP18aamced,V,2015.630240802058,0.6611876149021871,-99.0
928,WTP18aamced,V,2016.057424679916,0.19208386772500421,-99.0
929,WTP18aamced,V,2016.2121986002778,0.1576640835053473,-99.0
930,WTP18aamced,V,2016.3227613836464,0.5577678003384278,-99.0
931,WTP18aamced,V,2016.412710871102,0.21715494218247564,-99.0
932,WTP18aamced,V,2016.5742188277773,0.23647809553853,-99.0
933,WTP18aamced,V,2017.0839781929274,0.24020723484471215,-99.0
934,WTP18aamced,V,2017.255528529725,0.18589975921832946,-99.0
935,WTP18aamced,V,2017.4258683859584,0.19764315722922074,-99.0
936,WTP18aamced,V,2017.583019862051,0.2713281322469434,-99.0
937,WTP18aamced,V,2018.0110440975864,0.46564782688518147,-99.0
938,WTP18aamced,V,2018.3452172837212,0.30227869251154327,-99.0
939,WTP18aamced,V,2018.4915661122884,0.2553440569084964,-99.0
940,WTP18aamced,V,2018.6000897297226,0.4714193458643635,-99.0
941,WTP18aampwj,g,2017.808763779064,0.015731805962571177,-99.0
942,WTP18aampwj,g,2017.9419125713375,0.07795967024631009,-99.0
943,WTP18aampwj,g,2018.0798145530653,0.4335135710510171,0.03550241777262749
944,WTP18aampwj,g,2018.581273212736,0.16916186455635146,-99.0
945,WTP18aampwj,g,2018.763411193142,0.12054391481930274,-99.0
946,WTP18aampwj,g,2018.9681372715738,0.07333483988136569,-99.0
947,WTP18aampwj,g,2019.1349658833913,0.2740148079633753,-99.0
948,WTP18aampwj,g,2019.5636469461194,0.09217214821009195,-99.0
949,WTP18aampwj,g,2019.7157872367638,0.08265582373644328,-99.0
950,WTP18aampwj,g,2019.851453103646,0.048880579874475916,-99.0
951,WTP18aampwj,g,2020.0405169548217,0.043674370400891394,-99.0
952,WTP18aampwj,g,2020.146781469338,0.2762501050412166,-99.0
953,WTP18aampwj,g,2020.57552629077,0.0802670931687021,-99.0
954,WTP18aampwj,g,2020.6774738174252,0.09506169776544293,-99.0
955,WTP18aampwj,g,2020.8311059242553,0.06465825967458251,-99.0
956,WTP18aampwj,g,2020.996860075552,0.06015936964604677,-99.0
957,WTP18aampwj,g,2021.1134241692434,0.1629454638617105,-99.0
958,WTP18aampwj,g,2021.5374572027858,0.04545611708796484,-99.0
959,WTP18aampwj,g,2021.6828419865215,0.04389170552641739,-99.0
960,WTP18aampwj,g,2021.8512675714228,0.025729114004339235,-99.0
961,WTP18aampwj,g,2022.0660677219291,0.05529105554172502,-99.0
962,WTP18aampwj,g,2022.0964180372364,0.36855656851524965,-99.0
963,WTP18aampwj,g,2022.1542034083936,0.2265308294737492,-99.0
964,WTP18aampwj,g,2022.6199646211714,0.1054445107870462,-99.0
965,WTP18aampwj,g,2022.7546980993282,0.14582367914768504,-99.0
966,WTP18aampwj,g,2022.9130319223614,0.025144143283715767,-99.0
967,WTP18aampwj,g,2023.1199562667368,0.19150344550590778,-99.0
968,WTP18aampwj,V,2012.1072968188348,0.31551757525471225,-99.0
969,WTP18aampwj,V,2012.8743037826962,0.1604953220258509,-99.0
970,WTP18aampwj,V,2013.0603247445297,0.33848836044492936,-99.0
971,WTP18aampwj,V,2013.5490607219763,0.1420021412749106,-99.0
972,WTP18aampwj,V,2013.71163888286,0.21916480181876735,-99.0
973,WTP18aampwj,V,2013.9810018499531,0.25748261996337435,-99.0
974,WTP18aampwj,V,2014.1157717230149,0.808,-99.0
975,WTP18aampwj,V,2014.5544575342303,0.1470313570673598,-99.0
976,WTP18aampwj,V,2014.6691410669116,0.14230539620396387,-99.0
977,WTP18aampwj,V,2014.7167797116192,0.7386843227870601,0.05301886791975435
978,WTP18aampwj,V,2014.9138721401064,0.15456688155484297,-99.0
979,WTP18aampwj,V,2015.057526852846,0.20103237655127096,-99.0
980,WTP18aampwj,V,2015.545467558966,0.17476058848468493,-99.0
981,WTP18aampwj,V,2015.7296707611877,0.15739577102661484,-99.0
982,WTP18aampwj,V,2015.8923469428444,0.11424738425734068,-99.0
983,WTP18aampwj,V,2016.044915225931,0.12413789731669073,-99.0
984,WTP18aampwj,V,2016.5586516832211,0.17967446255148053,-99.0
985,WTP18aampwj,V,2016.7161875342597,0.19205234055507692,-99.0
986,WTP18aampwj,V,2016.8579312933439,0.15493681111923618,-99.0
987,WTP18aampwj,V,2017.0377680069864,0.08171848181142598,-99.0
988,WTP18aampwj,V,2017.5718861557361,0.15185301345321484,-99.0
989,WTP18aampwj,V,2017.713092496012,0.1958309554093865,-99.0
990,WTP18aampwj,V,2017.839771389577,0.1357405256673459,-99.0
991,WTP18aampwj,V,2018.0554360134545,0.4425796571849708,0.028969816296917833
992,WTP18aampwj,V,2018.5400082813514,0.33268872431405405,-99.0
993,WTP18aampwj,V,2018.6905820878028,0.23797161801277028,-99.0
994,WTP18aampwj,V,2018.8689214628048,0.27415467232887114,-99.0
