name,band,time,flux,flux_err
WTP14abnpgk,W1,55259.49558647499,0.1377532800424862,-99.0
WTP14abnpgk,W1,55439.328591515005,0.1271800135199547,-99.0
WTP14abnpgk,W1,56721.974989565,0.14168807920018672,-99.0
WTP14abnpgk,W1,56902.575442065,1.1708542602539065,0.013882967154877076
WTP14abnpgk,W1,57084.02009802,2.0027638857421874,0.04034762123751404
WTP14abnpgk,W1,57262.948721505,3.0059927373046875,0.09061036139602828
WTP14abnpgk,W1,57449.605971494995,4.814745662109376,0.23210812279283688
WTP14abnpgk,W1,57621.766968115,8.610746689453125,0.7416912667696286
WTP14abnpgk,W1,57815.224758825,5.8867010625,0.3467901901539461
WTP14abnpgk,W1,57982.347557135,7.198123617187501,0.5183383760205362
WTP14abnpgk,W1,58179.483773995,3.5289489843750004,0.12480084065981813
WTP14abnpgk,W1,58342.658501455,3.9857617294921877,0.15912928274352586
WTP14abnpgk,W1,58546.583477965,3.002001688476563,0.09044897106579732
WTP14abnpgk,W1,58709.82898374,3.7135761826171874,0.13825825571697226
WTP14abnpgk,W1,58910.87407576,1.632376388671875,0.026919383414385507
WTP14abnpgk,W1,59074.001870715,2.8935122109374998,0.08406378460929056
WTP14abnpgk,W1,59276.54022509,1.019958908203125,0.010703836858168921
WTP14abnpgk,W1,59438.14656034,4.836253450195312,0.23420275309593871
WTP14abnpgk,W1,59641.97343103,2.5258269550781254,0.06409758997985493
WTP14abnpgk,W1,59805.284798584995,5.569013455078125,0.3104741215688809
WTP14abnpgk,W2,55257.51071099,0.2007131528733826,-99.0
WTP14abnpgk,W2,55439.328591515005,0.1919509615364838,-99.0
WTP14abnpgk,W2,56722.040823229996,0.2695160004882813,0.0011072328177047864
WTP14abnpgk,W2,56902.575442065,0.998038818359375,0.010403453537532347
WTP14abnpgk,W2,57084.02009802,3.8323131875,0.14755494919193332
WTP14abnpgk,W2,57262.94878519,3.3755221718750006,0.11459403762660246
WTP14abnpgk,W2,57449.605971494995,6.916942375,0.47898559394790036
WTP14abnpgk,W2,57621.766968115,9.99293528125,0.9991565930489593
WTP14abnpgk,W2,57815.224758825,9.265843578125,0.859069110728242
WTP14abnpgk,W2,57982.347557135,9.362578125,0.8771843131050824
WTP14abnpgk,W2,58179.483773995,6.588856406250001,0.4347382667855202
WTP14abnpgk,W2,58342.658501455,5.364646742187501,0.2884241820752017
WTP14abnpgk,W2,58546.583477965,5.161596375,0.26700438482529004
WTP14abnpgk,W2,58709.82898374,5.164246250000001,0.26769847546066555
WTP14abnpgk,W2,58910.808433055,3.9054477890625003,0.15319114429223665
WTP14abnpgk,W2,59074.001934395,3.6632375234375,0.13496485649505754
WTP14abnpgk,W2,59274.97097424,2.4750045820312505,0.061980283208435336
WTP14abnpgk,W2,59438.14656034,5.7455874375,0.3309652093286286
WTP14abnpgk,W2,59641.97343103,5.209549437500001,0.2720845711220226
WTP14abnpgk,W2,59805.349931815,6.437284765625002,0.4151856383724328
WTP14acnjbu,W1,55268.8828013,0.055408430195896634,-99.0
WTP14acnjbu,W1,55450.745962985005,0.050149432441113,-99.0
WTP14acnjbu,W1,56730.98859854,0.06884408189153196,-99.0
WTP14acnjbu,W1,56913.173145975,0.3290833780517578,0.0011270530246872959
WTP14acnjbu,W1,57094.388208749995,0.4134535045166016,0.001759646287381713
WTP14acnjbu,W1,57272.009081715005,0.43158137878417974,0.0019158512339029472
WTP14acnjbu,W1,57459.95380196,0.07590892751491785,-99.0
WTP14acnjbu,W1,57630.94651103,0.08125307351301672,-99.0
WTP14acnjbu,W1,57827.626631005,0.16672894281005862,0.00034347230638625225
WTP14acnjbu,W1,57992.994464405,0.8568511911621094,0.007405571494727658
WTP14acnjbu,W1,58191.257125265,1.1092201516113283,0.012367960143949613
WTP14acnjbu,W1,58354.968113235,1.809757929199219,0.032821230430290775
WTP14acnjbu,W1,58555.473153015,1.0133994477539063,0.010346957054819016
WTP14acnjbu,W1,58719.12612511,1.2043378352050782,0.014574882486659835
WTP14acnjbu,W1,58921.33030982,0.7559192380371095,0.005779313393644843
WTP14acnjbu,W1,59085.126155535,0.8581003176269532,0.007436175423808035
WTP14acnjbu,W1,59286.665314219994,0.4696695516357422,0.002279668144987374
WTP14acnjbu,W1,59450.310242825,0.6711465666503906,0.004574664981485234
WTP14acnjbu,W1,59650.912250990004,0.21289200384521487,0.0005125895502934354
WTP14acnjbu,W1,59814.489274285006,0.1648656071777344,0.0003566283700656667
WTP14acnjbu,W2,55268.8828013,0.11291114477867127,-99.0
WTP14acnjbu,W2,55450.745962985005,0.10256460309658053,-99.0
WTP14acnjbu,W2,56730.98859854,0.22145403125000002,0.0006188825094444979
WTP14acnjbu,W2,56913.173145975,0.403688283203125,0.001775105781490607
WTP14acnjbu,W2,57094.388208749995,0.8917186308593752,0.008115221724880476
WTP14acnjbu,W2,57272.009081715005,0.7033940000000001,0.005194713276355406
WTP14acnjbu,W2,57459.95380196,0.16119873803710938,0.0004702245369707659
WTP14acnjbu,W2,57630.94651103,0.15681392431640626,0.000481136224587859
WTP14acnjbu,W2,57827.626631005,0.74710299609375,0.005835824009314698
WTP14acnjbu,W2,57992.994464405,1.52917792578125,0.023650377146378194
WTP14acnjbu,W2,58191.257125265,2.7674506054687504,0.07684366537049864
WTP14acnjbu,W2,58354.968113235,3.4972891015624996,0.12258346206261701
WTP14acnjbu,W2,58555.473153015,2.68642012890625,0.07245280669733363
WTP14acnjbu,W2,58719.126188790004,2.2183679843750004,0.04948374939711668
WTP14acnjbu,W2,58921.330246159996,1.8960463671875,0.036177168389121994
WTP14acnjbu,W2,59085.126155535,1.6247340039062501,0.02665845716748745
WTP14acnjbu,W2,59286.665314219994,1.242443259765625,0.01569955996740008
WTP14acnjbu,W2,59450.310306485,1.0705333750000001,0.011758282008899636
WTP14acnjbu,W2,59650.912250990004,0.755182208984375,0.005959489291222401
WTP14acnjbu,W2,59814.554280180004,0.2922356215820313,0.0011758804216541255
WTP14adbjsh,W1,55346.361494375,0.07255902796444418,-99.0
WTP14adbjsh,W1,55523.5829129,0.08496800238661767,-99.0
WTP14adbjsh,W1,56807.284978325,0.06537617867396595,-99.0
WTP14adbjsh,W1,56987.40104253,1.9149024213867187,0.036720710570342555
WTP14adbjsh,W1,57169.16633567,59.600504203125006,35.522297420379324
WTP14adbjsh,W1,57346.048328100005,54.876299765625006,30.114164721243693
WTP14adbjsh,W1,57534.8641276,30.215818476562504,9.130039618342826
WTP14adbjsh,W1,57706.66281052,33.823914914062506,11.440665135925565
WTP14adbjsh,W1,57900.414853725,16.7266214296875,2.7978857762901357
WTP14adbjsh,W1,58067.19021526,14.0971328203125,1.9873811741269392
WTP14adbjsh,W1,58264.56190077,7.4943170156250005,0.5617343459938157
WTP14adbjsh,W1,58427.85541734,8.219239464843751,0.6756621900422795
WTP14adbjsh,W1,58630.255808614995,4.349102276367187,0.18921266280975085
WTP14adbjsh,W1,58793.558768185,5.410193490234375,0.29278264913704766
WTP14adbjsh,W1,58995.892709449996,3.0167567402343747,0.0910933230221579
WTP14adbjsh,W1,59159.206836325,4.290720890625001,0.1841945754428469
WTP14adbjsh,W1,59360.07983077,1.7784762055664065,0.03171138738823482
WTP14adbjsh,W1,59523.298179620004,3.0341443271484376,0.09215058149204226
WTP14adbjsh,W1,59727.168408929996,1.9939800175781253,0.03985376000548123
WTP14adbjsh,W1,59890.434416495,3.3664593427734375,0.11342895091833315
WTP14adbjsh,W2,55346.361430695004,0.13210180887443546,-99.0
WTP14adbjsh,W2,55523.5829129,0.1542693540829468,-99.0
WTP14adbjsh,W2,56807.285042005,0.1436239133175659,-99.0
WTP14adbjsh,W2,56987.40104253,1.4746376328125,0.022031294583577873
WTP14adbjsh,W2,57169.16633567,71.068078,50.50708707624363
WTP14adbjsh,W2,57346.048328100005,69.24591000000001,47.95030661933336
WTP14adbjsh,W2,57534.8641276,51.00513262500001,26.015645810739283
WTP14adbjsh,W2,57706.66281052,48.75412562500001,23.77003514029071
WTP14adbjsh,W2,57900.414853725,30.475037937500005,9.287670008727218
WTP14adbjsh,W2,58067.19021526,23.064485125,5.320187825447561
WTP14adbjsh,W2,58264.56190077,15.9451981875,2.5429116555949927
WTP14adbjsh,W2,58427.85548102,14.1974605,2.016055922043969
WTP14adbjsh,W2,58630.255808614995,10.8929346875,1.1870153521745432
WTP14adbjsh,W2,58793.55883187,9.883700500000002,0.9774289878131054
WTP14adbjsh,W2,58995.892709449996,8.107564000000002,0.6577332088139833
WTP14adbjsh,W2,59159.141448315,8.103319093749999,0.657139485464964
WTP14adbjsh,W2,59360.07983077,5.720677671875,0.3277319219342884
WTP14adbjsh,W2,59523.298179620004,5.87678984375,0.3457612771096226
WTP14adbjsh,W2,59727.168408929996,5.733742281250001,0.3291457488172521
WTP14adbjsh,W2,59890.434416495,6.657020140625001,0.4436421779765333
WTP14adbwvs,W1,55350.106111205,0.043716311398823274,-99.0
WTP14adbwvs,W1,55539.679030135,0.05579716828483343,-99.0
WTP14adbwvs,W1,56639.913973250004,0.1352034405538845,-99.0
WTP14adbwvs,W1,56813.510262640004,0.10808240625000001,0.00013271890366111874
WTP14adbwvs,W1,57003.201488325,0.05197747287217857,-99.0
WTP14adbwvs,W1,57173.86548065,0.2412978057861328,0.0006240798929017519
WTP14adbwvs,W1,57366.533385999996,0.4068511567382813,0.0017044232748991183
WTP14adbwvs,W1,57532.6765265,0.6285682752685547,0.003989461361144967
WTP14adbwvs,W1,57730.858404935,0.4380168922119141,0.0019704863039239195
WTP14adbwvs,W1,57893.187535725,0.5048066462402344,0.0025869392527121276
WTP14adbwvs,W1,58096.346109000006,0.1941547862548828,0.0004139442641074056
WTP14adbwvs,W1,58256.586149284994,0.45487734594726564,0.0021069629829465236
WTP14adbwvs,W1,58462.03828860501,0.22323643139648439,0.0005442126274387769
WTP14adbwvs,W1,58619.24083144,0.30999915783691406,0.0010006132619595392
WTP14adbwvs,W1,58830.019768854996,0.06860409245634558,-99.0
WTP14adbwvs,W1,58984.881042905006,0.15483218820190434,0.00028106949854505496
WTP14adbwvs,W1,59191.927532715,0.06707995694922925,-99.0
WTP14adbwvs,W1,59351.16573122,0.09940431362915039,0.0001394425741544232
WTP14adbwvs,W1,59557.432334005,0.06624439806587935,-99.0
WTP14adbwvs,W1,59716.17966045,0.06436155804918052,-99.0
WTP14adbwvs,W2,55350.106111205,0.0899768553461075,-99.0
WTP14adbwvs,W2,55539.679030135,0.10974852794921879,-99.0
WTP14adbwvs,W2,56639.913973250004,0.1306997644241333,-99.0
WTP14adbwvs,W2,56813.510262640004,0.10010343310546875,0.0001589762180281953
WTP14adbwvs,W2,57003.201488325,0.210423943359375,0.0005717703662535496
WTP14adbwvs,W2,57173.86541699,0.36853154199218746,0.0015336322230008284
WTP14adbwvs,W2,57366.533385999996,1.07371134375,0.011731012121143778
WTP14adbwvs,W2,57532.6765265,1.33916092578125,0.01809470725399227
WTP14adbwvs,W2,57730.858404935,1.326536814453125,0.0177898397421824
WTP14adbwvs,W2,57893.187535725,1.19072559765625,0.01433929006696639
WTP14adbwvs,W2,58096.346109000006,0.8272121640625,0.006988499088498182
WTP14adbwvs,W2,58256.586149284994,1.09336083203125,0.012120408912636202
WTP14adbwvs,W2,58461.972836845,0.8900147558593751,0.008135672454109356
WTP14adbwvs,W2,58619.24083144,0.735390703125,0.005614455656554951
WTP14adbwvs,W2,58830.019768854996,0.51104021875,0.0028053921383040777
WTP14adbwvs,W2,58984.881042905006,0.49782023828125005,0.0026347812503139706
WTP14adbwvs,W2,59191.927532715,0.42282962402343754,0.001937201107685082
WTP14adbwvs,W2,59351.16573122,0.3235672524414063,0.0012300704883849093
WTP14adbwvs,W2,59557.432334005,0.26170463476562505,0.0009150034232344287
WTP14adbwvs,W2,59716.17966045,0.19469299804687504,0.0005784962022328849
WTP14adeqka,W1,55370.58823776,0.046999594985961915,3.9077032567691686e-05
WTP14adeqka,W1,55545.15884017,0.038567352759189606,-99.0
WTP14adeqka,W1,56645.1763517,0.1046252612915039,0.000133870622931015
WTP14adeqka,W1,56830.23109223,0.05378295782396793,-99.0
WTP14adeqka,W1,57008.31870479,1.8299636323242188,0.0335274630954052
WTP14adeqka,W1,57193.362101545004,5.451267556640625,0.29721375714334547
WTP14adeqka,W1,57369.016106430005,8.467603646484376,0.7170553920657715
WTP14adeqka,W1,57558.794091395,15.37903983984375,2.3651927040227343
WTP14adeqka,W1,57728.09847207,18.22171672265625,3.320357993804002
WTP14adeqka,W1,57922.88731398,15.339198152343752,2.3529577865638145
WTP14adeqka,W1,58088.809288865,11.140517015625,1.2411622836599219
WTP14adeqka,W1,58285.32140837,6.610201025390626,0.4369949341521034
WTP14adeqka,W1,58450.741624125,5.737693054687501,0.32925813842992785
WTP14adeqka,W1,58654.213145885,4.4430319394531255,0.19745393705072142
WTP14adeqka,W1,58816.60127126,4.319456381835938,0.18663622784003167
WTP14adeqka,W1,59018.40342286,3.2151863408203125,0.10342836164049574
WTP14adeqka,W1,59180.737264049996,2.9927229375000004,0.08961497109042967
WTP14adeqka,W1,59382.056408770004,2.2035837099609377,0.04860359277196007
WTP14adeqka,W1,59550.333498125,2.546960563476563,0.06491699232878635
WTP14adeqka,W1,59749.69396449,2.335631872558594,0.05460060173098602
WTP14adeqka,W2,55370.58823776,0.06817634777832032,8.866612238543665e-05
WTP14adeqka,W2,55545.15890385,0.0664045251967621,-99.0
WTP14adeqka,W2,56645.1763517,0.08454645019041064,-99.0
WTP14adeqka,W2,56830.231155895,0.08397776422323228,-99.0
WTP14adeqka,W2,57008.31870479,2.4090719765625,0.058123077183872045
WTP14adeqka,W2,57193.362101545004,8.157311640625,0.6655499483154491
WTP14adeqka,W2,57369.016106430005,12.3881629375,1.5347706791571605
WTP14adeqka,W2,57558.85960669,24.7633210625,6.132365733443759
WTP14adeqka,W2,57728.09847207,31.789332937500003,10.105736671801399
WTP14adeqka,W2,57922.88731398,31.918169000000002,10.187823118145438
WTP14adeqka,W2,58088.809288865,26.283424812499998,6.90835044212661
WTP14adeqka,W2,58285.32140837,18.165651,3.3000686324581534
WTP14adeqka,W2,58450.807075835,15.165334062500001,2.300041111146931
WTP14adeqka,W2,58654.213145839996,13.121975406250002,1.7220465143533683
WTP14adeqka,W2,58816.60127126,11.99159140625,1.4381701746128825
WTP14adeqka,W2,59018.40342286,10.300415515625001,1.061167133974298
WTP14adeqka,W2,59180.737264049996,9.352579953125002,0.8748801788271178
WTP14adeqka,W2,59382.056408770004,7.93040265625,0.6291528181787813
WTP14adeqka,W2,59550.333561784995,7.892501515625001,0.6231192649619357
WTP14adeqka,W2,59749.69396449,7.591414843750001,0.5764505681772019
WTP15abymdq,W1,55204.299049165,0.13042452384720327,-99.0
WTP15abymdq,W1,55386.060961895,0.045509824681091306,-99.0
WTP15abymdq,W1,55566.426166965,0.04019477905678869,-99.0
WTP15abymdq,W1,56662.31365072999,0.043250593643188485,3.676443647968021e-05
WTP15abymdq,W1,56851.37709366,0.04966761011266709,-99.0
WTP15abymdq,W1,57025.837012495,0.06209907499694824,6.733130858791299e-05
WTP15abymdq,W1,57212.5470504,0.13535308016967773,0.000203494620668485
WTP15abymdq,W1,57387.151392550004,1.65592737890625,0.027448771301540893
WTP15abymdq,W1,57578.181016450006,2.4964743691406253,0.062358055566970993
WTP15abymdq,W1,57746.41110864,3.707101666992188,0.1374534504225289
WTP15abymdq,W1,57944.421278375,2.293702624511719,0.05264323266369653
WTP15abymdq,W1,58108.911000680004,1.9434042011718753,0.037793513851312535
WTP15abymdq,W1,58307.95723268,1.2716010849609376,0.016196016175140743
WTP15abymdq,W1,58469.19971781,1.4219001635742188,0.020243276143932787
WTP15abymdq,W1,58673.57013947,0.9885097844238283,0.009808371770909345
WTP15abymdq,W1,58834.75877736,0.9391915437011721,0.008848328977197907
WTP15abymdq,W1,59039.38900204,0.4922099172363281,0.002451442182472615
WTP15abymdq,W1,59195.61880566,0.15783421682197096,-99.0
WTP15abymdq,W1,59403.063366365,0.23882105310058596,0.000603103230743713
WTP15abymdq,W1,59559.748551175,0.20413449396306754,-99.0
WTP15abymdq,W2,55204.299049165,0.18579152491958623,-99.0
WTP15abymdq,W2,55386.060961895,0.07903001502342225,-99.0
WTP15abymdq,W2,55566.426103275,0.07134359229118346,-99.0
WTP15abymdq,W2,56662.31365072999,0.07593425480537415,-99.0
WTP15abymdq,W2,56851.37709366,0.09295532581066134,-99.0
WTP15abymdq,W2,57025.837012495,0.10637312900604248,-99.0
WTP15abymdq,W2,57212.5470504,0.14758027270507812,0.00030220010788972013
WTP15abymdq,W2,57387.216971805,1.4396141328125,0.02084797526690652
WTP15abymdq,W2,57578.181016450006,3.1315969453125,0.09819284780696215
WTP15abymdq,W2,57746.41110864,4.792403078125001,0.22976548345453598
WTP15abymdq,W2,57944.421278375,3.788967171875,0.1436912616401284
WTP15abymdq,W2,58108.911000680004,3.0247852812500002,0.09160990014292018
WTP15abymdq,W2,58308.088072135,2.3534924609375003,0.05551066258264313
WTP15abymdq,W2,58469.19971781,2.3014582617187505,0.05305176679925124
WTP15abymdq,W2,58673.57013947,2.03302437890625,0.041489726652866654
WTP15abymdq,W2,58834.75877736,1.7183817890625004,0.02965376530897783
WTP15abymdq,W2,59039.38900204,1.23312897265625,0.01538333113740437
WTP15abymdq,W2,59195.61880566,0.1967713094469452,-99.0
WTP15abymdq,W2,59403.063366365,0.79807378515625,0.006557011033665888
WTP15abymdq,W2,59559.748551175,0.2110092509760285,-99.0
WTP15acbgpn,W1,55320.138635445,0.0884756452331543,0.00011011851861400719
WTP15acbgpn,W1,55511.1764273,0.052424044322254656,-99.0
WTP15acbgpn,W1,56783.634734775,0.08634921450805666,8.958722491727664e-05
WTP15acbgpn,W1,56974.5427493,0.04618819313053608,-99.0
WTP15acbgpn,W1,57143.939116634996,0.06493896726131916,-99.0
WTP15acbgpn,W1,57337.942794245,1.7103833481445312,0.029297782381328005
WTP15acbgpn,W1,57502.927955089996,2.6870446875000003,0.07224173341279493
WTP15acbgpn,W1,57702.16929905,4.119496567382813,0.1697466766682063
WTP15acbgpn,W1,57863.461248855,5.96678879296875,0.3560704997201652
WTP15acbgpn,W1,58067.740126389996,4.821614575195313,0.2325149939615435
WTP15acbgpn,W1,58227.170057615,4.5964160390625,0.21130898789923186
WTP15acbgpn,W1,58433.378387525,3.4168906171875006,0.11680292095793988
WTP15acbgpn,W1,58589.606367305,3.4812718535156257,0.12124505015791537
WTP15acbgpn,W1,58801.107869695,2.2164325576171877,0.04917962439483271
WTP15acbgpn,W1,58955.190875525004,2.765728942382813,0.07654376915508176
WTP15acbgpn,W1,59163.28763345,2.2199009619140626,0.04932466351821908
WTP15acbgpn,W1,59321.718907535,2.4220918227539063,0.0587100451712843
WTP15acbgpn,W1,59528.748053705,1.4206443984375001,0.020224947237172396
WTP15acbgpn,W1,59686.54601686,1.5299045654296877,0.023462793343124726
WTP15acbgpn,W1,59895.28306483,0.813298938720703,0.006658851841425655
WTP15acbgpn,W2,55320.072483315,0.10599778305847171,-99.0
WTP15acbgpn,W2,55511.1764273,0.1001279977674866,-99.0
WTP15acbgpn,W2,56783.634734775,0.0784127112298584,-99.0
WTP15acbgpn,W2,56974.5427493,0.09088886484046939,-99.0
WTP15acbgpn,W2,57143.939116634996,0.13402790073707582,-99.0
WTP15acbgpn,W2,57337.942794245,1.87526409765625,0.035366693669717605
WTP15acbgpn,W2,57502.927955089996,2.4729872773437505,0.061341581824871656
WTP15acbgpn,W2,57702.16929905,4.9116323359375,0.24145797200553998
WTP15acbgpn,W2,57863.461248855,6.451554046875001,0.41639955974954007
WTP15acbgpn,W2,58067.740126389996,6.4625210625000005,0.41775545479881515
WTP15acbgpn,W2,58227.170057615,5.8026699375,0.3368954160790981
WTP15acbgpn,W2,58433.378387525,5.094408875,0.25974499293246034
WTP15acbgpn,W2,58589.606367305,4.569220984375,0.20895827734746628
WTP15acbgpn,W2,58801.107869695,3.7361252109375003,0.1398376925911518
WTP15acbgpn,W2,58955.19093918,3.6882688984375003,0.13619574602811255
WTP15acbgpn,W2,59163.28763345,3.6920421484375003,0.13648085047865852
WTP15acbgpn,W2,59321.718907535,3.3069448984375005,0.10952188396335287
WTP15acbgpn,W2,59528.748053705,2.5256476640625003,0.06399955613259807
WTP15acbgpn,W2,59686.54601686,2.15301050390625,0.046539301643906204
WTP15acbgpn,W2,59895.28306483,1.6554682539062502,0.027613983627632413
WTP15acbuuv,W1,55345.52806895,0.06046712505321265,-99.0
WTP15acbuuv,W1,55535.46018738,0.073806843907485,-99.0
WTP15acbuuv,W1,56810.042284569994,0.0633520009786892,-99.0
WTP15acbuuv,W1,56997.49711445,0.06688966960646868,-99.0
WTP15acbuuv,W1,57167.8147083,0.2804860367431641,0.0008312474213533887
WTP15acbuuv,W1,57360.907762589995,5.579623863281251,0.31139532582729706
WTP15acbuuv,W1,57528.272993815,9.677190785156249,0.9365596825870672
WTP15acbuuv,W1,57726.61454033,3.74526346875,0.14035407653972853
WTP15acbuuv,W1,57888.85257048,1.94899698046875,0.03805716288482537
WTP15acbuuv,W1,58093.31616393,0.7053556428222657,0.005046739347792117
WTP15acbuuv,W1,58249.276311865004,0.8729500458984376,0.007676816405111383
WTP15acbuuv,W1,58457.79869676,0.243165498046875,0.0006815072745260096
WTP15acbuuv,W1,58614.84436044,0.29654794500732423,0.0009489645312247153
WTP15acbuuv,W1,58821.92221669,0.09787709164057733,-99.0
WTP15acbuuv,W1,58980.35494792,0.08368676672900677,-99.0
WTP15acbuuv,W1,59187.98527691999,0.09389183739346504,-99.0
WTP15acbuuv,W1,59344.61604182,0.08652862812665463,-99.0
WTP15acbuuv,W1,59553.264304835,0.09530482552608492,-99.0
WTP15acbuuv,W1,59710.29257621,0.08385606242141248,-99.0
WTP15acbuuv,W1,59917.44987838,0.09591639290705681,-99.0
WTP15acbuuv,W2,55345.52806895,0.12585414262657166,-99.0
WTP15acbuuv,W2,55535.46018738,0.13477726919757843,-99.0
WTP15acbuuv,W2,56810.042284569994,0.14747013474929813,-99.0
WTP15acbuuv,W2,56997.49711445,0.20101380908203126,0.0006212111865501128
WTP15acbuuv,W2,57167.8147083,0.2868422080078125,0.0010854923618786965
WTP15acbuuv,W2,57360.907762589995,5.753957656250001,0.33137516183053634
WTP15acbuuv,W2,57528.272993815,11.057840359375001,1.2230460775025926
WTP15acbuuv,W2,57726.549024825,7.041655140625,0.49618192445915615
WTP15acbuuv,W2,57888.85257048,3.9533407187500007,0.15661464348195306
WTP15acbuuv,W2,58093.31616393,1.9804318515625001,0.039638017056840974
WTP15acbuuv,W2,58249.276311865004,1.6158054570312503,0.02642966529930175
WTP15acbuuv,W2,58457.79869676,0.861602421875,0.007848403404054629
WTP15acbuuv,W2,58614.84436044,0.61432621875,0.004094294547132633
WTP15acbuuv,W2,58821.92221669,0.20726355102012636,-99.0
WTP15acbuuv,W2,58980.35494792,0.18523262039604188,-99.0
WTP15acbuuv,W2,59187.98527691999,0.2016931483869171,-99.0
WTP15acbuuv,W2,59344.61604182,0.17952746672607423,-99.0
WTP15acbuuv,W2,59553.264304835,0.20821496831085207,-99.0
WTP15acbuuv,W2,59710.29257621,0.18652739825729373,-99.0
WTP15acbuuv,W2,59917.44987838,0.19946060779190067,-99.0
WTP16aaqrcr,W1,55282.196168380004,0.06883891677171708,-99.0
WTP16aaqrcr,W1,55464.45439038,0.06438354003684997,-99.0
WTP16aaqrcr,W1,56746.871574100005,0.0768794462295127,-99.0
WTP16aaqrcr,W1,56926.443922365,0.0847708776428032,-99.0
WTP16aaqrcr,W1,57108.78364547501,0.10400464703302859,-99.0
WTP16aaqrcr,W1,57286.94960142,0.08055755654575825,-99.0
WTP16aaqrcr,W1,57475.206196925,1.8094542099609376,0.03284085516402127
WTP16aaqrcr,W1,57647.243592685,4.830795556640625,0.2334747284125369
WTP16aaqrcr,W1,57840.116064845,4.1252444501953125,0.17025835616526255
WTP16aaqrcr,W1,58007.808057664995,4.582397276367187,0.21011319910232265
WTP16aaqrcr,W1,58204.295680825,2.5229715717773433,0.06372904099877817
WTP16aaqrcr,W1,58368.23728346,1.7254040976562501,0.02987295743179309
WTP16aaqrcr,W1,58569.88075201,0.49428774609375004,0.00250416040143621
WTP16aaqrcr,W1,58733.69872063,0.6864376157226563,0.004788838291187314
WTP16aaqrcr,W1,58935.602858785,0.247788559753418,0.000698493126800903
WTP16aaqrcr,W1,59099.49781276,0.2723038547973633,0.000847244879275225
WTP16aaqrcr,W1,59303.284132285,0.10187863612259389,-99.0
WTP16aaqrcr,W1,59467.287675695,0.2563744370727539,0.0007474123746708198
WTP16aaqrcr,W1,59665.358560295004,0.0988683868535328,-99.0
WTP16aaqrcr,W1,59829.27797129,0.3088373713989258,0.0010518481192997365
WTP16aaqrcr,W2,55282.196168380004,0.15153696557617188,0.0003452039554291716
WTP16aaqrcr,W2,55464.45439038,0.09865308581119539,-99.0
WTP16aaqrcr,W2,56746.871574100005,0.13557339874084476,-99.0
WTP16aaqrcr,W2,56926.378152310004,0.14532567565616608,-99.0
WTP16aaqrcr,W2,57108.849224525,0.16648365772022247,-99.0
WTP16aaqrcr,W2,57286.94960142,0.1414261943700409,-99.0
WTP16aaqrcr,W2,57475.20626059,2.2986735078125,0.053110264061780654
WTP16aaqrcr,W2,57647.243592685,7.4609541875000005,0.5569948274187869
WTP16aaqrcr,W2,57840.116064845,7.1038049218750015,0.5050012595230842
WTP16aaqrcr,W2,58007.742542370004,6.8555047812500005,0.4705889079427307
WTP16aaqrcr,W2,58204.295680825,5.167275734375001,0.2672886163253197
WTP16aaqrcr,W2,58368.30279878,3.3225861484375003,0.1107586082320843
WTP16aaqrcr,W2,58569.88075201,1.85946428515625,0.03476372284153238
WTP16aaqrcr,W2,58733.829623865,1.4792935585937501,0.02211700003340205
WTP16aaqrcr,W2,58935.602858785,1.0684730703125,0.011720081462744423
WTP16aaqrcr,W2,59099.56320068,0.73070991796875,0.005654169638762897
WTP16aaqrcr,W2,59303.284068605004,0.6740988222656251,0.004859565162592783
WTP16aaqrcr,W2,59467.287675695,0.52940121875,0.003129852439773122
WTP16aaqrcr,W2,59665.358560295004,0.5183068828125,0.002952424042839145
WTP16aaqrcr,W2,59829.278034945004,0.5040208046875001,0.002886178913624449
WTP16aatsnw,W1,55258.428876905,0.06039516623574257,-99.0
WTP16aatsnw,W1,55437.484864255,0.060498732597928054,-99.0
WTP16aatsnw,W1,56720.452347419996,0.06913999898634196,-99.0
WTP16aatsnw,W1,56900.93908528,0.07076135362243652,8.220991763518878e-05
WTP16aatsnw,W1,57082.370242505,0.07303309025406361,-99.0
WTP16aatsnw,W1,57259.80811527,0.07543343797051907,-99.0
WTP16aatsnw,W1,57448.02481221,0.06296276965275764,-99.0
WTP16aatsnw,W1,57620.13717188,1.000196713623047,0.010074653002547798
WTP16aatsnw,W1,57813.645061855,0.7853293842773439,0.006222886539464042
WTP16aatsnw,W1,57980.58806721,0.8323606025390625,0.006994486819117364
WTP16aatsnw,W1,58181.243084225,0.3776018096923828,0.0014980733366912868
WTP16aatsnw,W1,58344.72767739,0.4034352960205078,0.0016943298313705456
WTP16aatsnw,W1,58543.46738509,0.14195289129638672,0.00026237404932452917
WTP16aatsnw,W1,58706.762690955,0.30039914794921874,0.0009718426904110674
WTP16aatsnw,W1,58909.16558046,0.10652394973754885,0.00017134146614048064
WTP16aatsnw,W1,59072.374495259995,0.28897591735839845,0.0009023858996506828
WTP16aatsnw,W1,59275.420796164995,0.07802481705281497,-99.0
WTP16aatsnw,W1,59439.102230104996,0.12762030990600587,0.00023521834689370176
WTP16aatsnw,W1,59640.332615399995,0.07652629011121273,-99.0
WTP16aatsnw,W1,59803.531993825,0.14569825268554687,0.0002877464112707773
WTP16aatsnw,W2,55258.428876905,0.09663928500103,-99.0
WTP16aatsnw,W2,55437.484864255,0.09938341024547577,-99.0
WTP16aatsnw,W2,56720.386513755,0.13137538785346986,-99.0
WTP16aatsnw,W2,56900.93908528,0.10971591133937836,-99.0
WTP16aatsnw,W2,57082.370242505,0.14619718006385807,-99.0
WTP16aatsnw,W2,57259.80811527,0.1683827966725922,-99.0
WTP16aatsnw,W2,57448.02481221,0.13362043034942625,-99.0
WTP16aatsnw,W2,57620.13717188,1.4987461875000003,0.022744103530492405
WTP16aatsnw,W2,57813.645061855,2.0623918671875,0.04277282276459625
WTP16aatsnw,W2,57980.58806721,1.720969515625,0.02988454951708052
WTP16aatsnw,W2,58181.243084225,1.2034814804687501,0.014712960092681656
WTP16aatsnw,W2,58344.72767739,0.9358853417968751,0.009026440305007325
WTP16aatsnw,W2,58543.46738509,0.75988676171875,0.0060308157976342374
WTP16aatsnw,W2,58706.631978815,0.653908306640625,0.004547422981841834
WTP16aatsnw,W2,58909.16558046,0.539111240234375,0.0031718519583838582
WTP16aatsnw,W2,59072.374495259995,0.560578654296875,0.0034838633155477336
WTP16aatsnw,W2,59275.420796164995,0.303071810546875,0.0011538920627645187
WTP16aatsnw,W2,59439.102230104996,0.26477898779296877,0.0010730884068009022
WTP16aatsnw,W2,59640.332615399995,0.205515056640625,0.0006716607889647486
WTP16aatsnw,W2,59803.531993825,0.32265142382812506,0.0013386455786045636
WTP17aaldjb,W1,55204.674079035,0.11830005080961943,-99.0
WTP17aaldjb,W1,55378.608469604995,0.08982154634420159,-99.0
WTP17aaldjb,W1,55566.80079593,0.10801194752763749,-99.0
WTP17aaldjb,W1,56664.466047645,0.11202155940494657,-99.0
WTP17aaldjb,W1,56842.18866658,0.1108338999938965,0.00016807831362251804
WTP17aaldjb,W1,57031.26875191,0.11518993491848944,-99.0
WTP17aaldjb,W1,57202.530991175,0.1285155139475727,-99.0
WTP17aaldjb,W1,57391.98140437,0.13232968572030546,-99.0
WTP17aaldjb,W1,57561.30003738,0.11632668442899945,-99.0
WTP17aaldjb,W1,57757.851431245,0.13131358341530086,-99.0
WTP17aaldjb,W1,57921.790616795,0.6373837148437499,0.004134566776068422
WTP17aaldjb,W1,58122.013585155,0.4212163751220704,0.0018470017129497433
WTP17aaldjb,W1,58282.197303630004,0.6498435212402344,0.004287765653949522
WTP17aaldjb,W1,58489.004353865,0.2025815051879883,0.0004938223828444728
WTP17aaldjb,W1,58647.753621690004,0.41306484045410163,0.0017737752166127982
WTP17aaldjb,W1,58853.313836175,0.14277245078749895,-99.0
WTP17aaldjb,W1,59013.384595345,0.31712358435058596,0.0010826614066379026
WTP17aaldjb,W1,59218.93930649,0.14286133186630726,-99.0
WTP17aaldjb,W1,59377.62825332,0.26073817565917967,0.0007578821631100539
WTP17aaldjb,W1,59584.488673325,0.14277450050690893,-99.0
WTP17aaldjb,W2,55204.674079035,0.2826316241706848,-99.0
WTP17aaldjb,W2,55378.608469604995,0.18230561118421554,-99.0
WTP17aaldjb,W2,55566.73464374,0.20610064505624773,-99.0
WTP17aaldjb,W2,56664.466047645,0.2460621474674606,-99.0
WTP17aaldjb,W2,56842.18866658,0.24267865858829502,-99.0
WTP17aaldjb,W2,57028.70626307,0.27913324964653013,-99.0
WTP17aaldjb,W2,57200.956332915,0.28743596945720673,-99.0
WTP17aaldjb,W2,57393.620504205,0.27389230968051914,-99.0
WTP17aaldjb,W2,57561.30003738,0.29250044176940926,-99.0
WTP17aaldjb,W2,57757.851431245,0.2873435715193176,-99.0
WTP17aaldjb,W2,57921.790616795,0.637562091796875,0.004421304079985768
WTP17aaldjb,W2,58122.013585155,0.7989356328125001,0.00677748233395119
WTP17aaldjb,W2,58282.197303630004,0.797345220703125,0.006677076607202997
WTP17aaldjb,W2,58489.004353865,0.5032277822265625,0.0028875012779646073
WTP17aaldjb,W2,58647.753621690004,0.5388560117187501,0.0032954500654602393
WTP17aaldjb,W2,58853.313836175,0.418351787109375,0.0021321237090785507
WTP17aaldjb,W2,59013.384595345,0.36186759179687505,0.001676933286346979
WTP17aaldjb,W2,59218.93930649,0.3180037443529129,-99.0
WTP17aaldjb,W2,59377.62825332,0.29742232702217103,-99.0
WTP17aaldjb,W2,59584.488673325,0.31166744422382353,-99.0
WTP17aalzpx,W1,55229.94900442,0.05820364858715059,-99.0
WTP17aalzpx,W1,55419.985114915005,0.05874154028941155,-99.0
WTP17aalzpx,W1,55593.18512722,0.17263248277831078,-99.0
WTP17aalzpx,W1,56693.41890178,0.2029698674926758,0.0004541611091413879
WTP17aalzpx,W1,56883.536170075,0.06010588062837839,-99.0
WTP17aalzpx,W1,57054.49192524,0.1968310762939453,0.00048305298372610614
WTP17aalzpx,W1,57246.847959085004,0.09012398549210072,-99.0
WTP17aalzpx,W1,57414.7621174,0.1905410478515625,0.0004498802711935095
WTP17aalzpx,W1,57610.993803314996,0.08397752292905332,-99.0
WTP17aalzpx,W1,57777.334744325,0.20565211724853516,0.0004973994904635841
WTP17aalzpx,W1,57977.04846068,0.44064750366210936,0.0020199120617567664
WTP17aalzpx,W1,58139.652342960006,1.8310375883789063,0.033619649691899345
WTP17aalzpx,W1,58342.10604659,1.6385393393554688,0.026942971736166978
WTP17aalzpx,W1,58500.158536335,2.289131446289063,0.05247685897226689
WTP17aalzpx,W1,58706.398377735,1.3688389189453127,0.018832564183835294
WTP17aalzpx,W1,58865.707074355,1.683287307128906,0.028402262295043543
WTP17aalzpx,W1,59072.141276305,0.8771031386718751,0.0077546310715211385
WTP17aalzpx,W1,59232.73338535499,1.2927499321289064,0.01678359830055933
WTP17aalzpx,W1,59437.725645335,0.5812173446044923,0.003454382108818392
WTP17aalzpx,W1,59596.997542904995,1.1332511630859377,0.012909076756745136
WTP17aalzpx,W2,55229.94900442,0.1262947243609238,-99.0
WTP17aalzpx,W2,55419.985114915005,0.11630036119045258,-99.0
WTP17aalzpx,W2,55593.18512722,0.547808457474556,-99.0
WTP17aalzpx,W2,56693.353004360004,0.14767126807765962,-99.0
WTP17aalzpx,W2,56883.53610642,0.14597339600357057,-99.0
WTP17aalzpx,W2,57054.49192524,0.18170648433151249,-99.0
WTP17aalzpx,W2,57246.847959085004,0.17676087031715398,-99.0
WTP17aalzpx,W2,57414.7621174,0.1773771601765442,-99.0
WTP17aalzpx,W2,57610.993803314996,0.18029804627212528,-99.0
WTP17aalzpx,W2,57777.334744325,0.17089187285209662,-99.0
WTP17aalzpx,W2,57977.04846068,0.8411811171875,0.0074146092239962234
WTP17aalzpx,W2,58135.921709465,2.19810205078125,0.048668043293051626
WTP17aalzpx,W2,58342.10604659,2.9818554921874996,0.08930520793237606
WTP17aalzpx,W2,58500.158536335,3.1959457734375003,0.10259447728519847
WTP17aalzpx,W2,58706.398377735,2.8266812578125005,0.08033995951597818
WTP17aalzpx,W2,58865.707074355,2.6125814023437504,0.06855702588865921
WTP17aalzpx,W2,59072.141276305,2.1535249921875,0.046649242215030126
WTP17aalzpx,W2,59232.73332167,2.1258277851562504,0.045507693552326985
WTP17aalzpx,W2,59437.725645335,1.6408235625,0.027417226051566587
WTP17aalzpx,W2,59596.997542904995,1.8257037421875,0.03367726284897094
WTP17aamoxe,W1,55307.66663176,0.07212834008789062,8.916536289953149e-05
WTP17aamoxe,W1,55489.783980395005,0.05811226311741115,-99.0
WTP17aamoxe,W1,56771.49025008,0.0566577523472929,-99.0
WTP17aamoxe,W1,56951.82832172,0.06589451522345782,-99.0
WTP17aamoxe,W1,57134.2557394,0.07910458820082665,-99.0
WTP17aamoxe,W1,57312.891237464995,0.074517405210135,-99.0
WTP17aamoxe,W1,57502.303617725,0.07315884841768744,-99.0
WTP17aamoxe,W1,57671.35098577,0.0835635372619629,0.00011693811804268265
WTP17aamoxe,W1,57864.21235283,0.07142015329433442,-99.0
WTP17aamoxe,W1,58033.34033908,6.033487529296875,0.36410433231811196
WTP17aamoxe,W1,58229.75336512001,6.847345248046875,0.46893342011333883
WTP17aamoxe,W1,58393.88879361,4.095863800781251,0.16782945902859012
WTP17aamoxe,W1,58596.113720819994,1.7015228334960941,0.02900982964548011
WTP17aamoxe,W1,58760.028799585,1.1405987395019532,0.013067551022225522
WTP17aamoxe,W1,58961.04224187,0.5535688227539063,0.0031176093690506237
WTP17aamoxe,W1,59125.13237229,0.4527871450195312,0.0021238355261445374
WTP17aamoxe,W1,59325.31232265,0.3457682841796875,0.001255844098041258
WTP17aamoxe,W1,59489.37747063,0.23756087475585935,0.000625715986916911
WTP17aamoxe,W1,59690.820243975,0.07511388544677258,-99.0
WTP17aamoxe,W1,59854.904391355,0.13567921435546876,0.00023976096876435188
WTP17aamoxe,W2,55307.66663176,0.10535496625690462,-99.0
WTP17aamoxe,W2,55489.783980395005,0.1070068540905762,-99.0
WTP17aamoxe,W2,56771.49025008,0.12000540648876193,-99.0
WTP17aamoxe,W2,56951.82832172,0.13251805055576324,-99.0
WTP17aamoxe,W2,57134.2557394,0.16316015465301514,-99.0
WTP17aamoxe,W2,57312.891237464995,0.15833096023529056,-99.0
WTP17aamoxe,W2,57502.303617725,0.13701396486049652,-99.0
WTP17aamoxe,W2,57671.35098577,0.14704846755760195,-99.0
WTP17aamoxe,W2,57864.21235283,0.1580905446409607,-99.0
WTP17aamoxe,W2,58033.34033908,5.4680869375,0.2992635746138045
WTP17aamoxe,W2,58229.75336512001,9.351601703125,0.8748103878716059
WTP17aamoxe,W2,58393.88879361,6.397343812500001,0.4095609737868383
WTP17aamoxe,W2,58596.113720819994,3.4880027812500005,0.12190103998146115
WTP17aamoxe,W2,58760.028799585,2.22422757421875,0.04974248926422273
WTP17aamoxe,W2,58961.04224187,1.279384291015625,0.016678514704162394
WTP17aamoxe,W2,59125.13237229,0.8535884648437502,0.007611782513391389
WTP17aamoxe,W2,59325.31232265,0.8474764179687501,0.0074270554770525165
WTP17aamoxe,W2,59489.37747063,0.430407744140625,0.002140260728000574
WTP17aamoxe,W2,59690.820243975,0.25207263476562497,0.000881287853687361
WTP17aamoxe,W2,59854.904391355,0.252300400390625,0.0008722183362050049
WTP17aamzew,W1,55319.736183695,0.06042696542392731,-99.0
WTP17aamzew,W1,55510.785245045,0.07568467205254556,-99.0
WTP17aamzew,W1,56783.300091015,0.047965446584272396,-99.0
WTP17aamzew,W1,56974.21962895,0.07577603993472576,-99.0
WTP17aamzew,W1,57143.670942225,0.0795327490590334,-99.0
WTP17aamzew,W1,57337.620504105,0.08468420604928495,-99.0
WTP17aamzew,W1,57502.594711435,0.083849353531909,-99.0
WTP17aamzew,W1,57701.84745175,0.0810829576213646,-99.0
WTP17aamzew,W1,57863.128259670004,0.11475486557006837,0.00020093019600433864
WTP17aamzew,W1,58067.41840488,0.6694399753417968,0.004547449618923493
WTP17aamzew,W1,58227.32782947,1.5144793095703126,0.023003693388386412
WTP17aamzew,W1,58433.05653879,1.3020012231445313,0.017026739034591436
WTP17aamzew,W1,58589.208372415,1.3864814912109378,0.01929131079733985
WTP17aamzew,W1,58797.31905617,0.7146226252441407,0.005186632341442375
WTP17aamzew,W1,58954.858330315,0.7336011547851563,0.005443274684318134
WTP17aamzew,W1,59162.96623278,0.45566715930175783,0.0021490020491049234
WTP17aamzew,W1,59321.844398935,0.6112319871826173,0.0038038061894330837
WTP17aamzew,W1,59528.4922345,0.2222697691040039,0.0005848337143848498
WTP17aamzew,W1,59686.148785715,0.3375705051269531,0.001197871022167576
WTP17aamzew,W1,59895.451596679995,0.08937205892719748,-99.0
WTP17aamzew,W2,55319.736183695,0.11754228325401307,-99.0
WTP17aamzew,W2,55510.785245045,0.14526700540367127,-99.0
WTP17aamzew,W2,56783.300091015,0.12027594348926544,-99.0
WTP17aamzew,W2,56974.21962895,0.19580221825469973,-99.0
WTP17aamzew,W2,57143.670942225,0.17770995849479676,-99.0
WTP17aamzew,W2,57337.620504105,0.1802163152044678,-99.0
WTP17aamzew,W2,57502.594711435,0.15622025546798707,-99.0
WTP17aamzew,W2,57701.84745175,0.17320903341651916,-99.0
WTP17aamzew,W2,57863.128259670004,0.1624846018296051,-99.0
WTP17aamzew,W2,58067.41840488,0.928240412109375,0.009023966342344206
WTP17aamzew,W2,58227.32782947,1.87411821484375,0.03546883159538142
WTP17aamzew,W2,58433.05653879,2.2818433750000002,0.052438435743339284
WTP17aamzew,W2,58589.208372415,2.103447796875,0.044612395769482706
WTP17aamzew,W2,58797.31905617,1.505714875,0.023071341882529788
WTP17aamzew,W2,58954.858330315,1.3791672187500001,0.019351236080111453
WTP17aamzew,W2,59162.96623278,1.18136402734375,0.014317988413445787
WTP17aamzew,W2,59319.06626457,1.106814037109375,0.012507543409012157
WTP17aamzew,W2,59528.4922345,0.7737878554687502,0.00641436372027529
WTP17aamzew,W2,59686.148785715,0.7470133847656251,0.005908974258498278
WTP17aamzew,W2,59895.451533,0.4534269794921876,0.0024771642411918074
WTP17aanbso,W1,55331.84856329,0.04719282478933812,-99.0
WTP17aanbso,W1,55522.98041118,0.04989391817499877,-99.0
WTP17aanbso,W1,56793.506789405,0.04946395026562214,-99.0
WTP17aanbso,W1,56984.074140565004,0.05462140024485827,-99.0
WTP17aanbso,W1,57152.406573365,0.060194429094343194,-99.0
WTP17aanbso,W1,57346.07385929,0.07186589425327779,-99.0
WTP17aanbso,W1,57511.381737445,0.06323444098840715,-99.0
WTP17aanbso,W1,57711.66643528,0.06444008797748565,-99.0
WTP17aanbso,W1,57873.64364563,0.06602628758604527,-99.0
WTP17aanbso,W1,58077.362362595,0.15957884802246095,0.00030081112537672555
WTP17aanbso,W1,58233.78043071,0.26046227471923833,0.0007104960115436757
WTP17aanbso,W1,58441.622252044996,0.18466431445312503,0.00038841815723814874
WTP17aanbso,W1,58599.419860875,0.13695110467529298,0.00023315900146713821
WTP17aanbso,W1,58807.190484449995,0.07534975090026856,8.38901357084345e-05
WTP17aanbso,W1,58966.40692485,0.09574587734985351,0.00013770618069917304
WTP17aanbso,W1,59172.768770744995,0.0686089668918872,-99.0
WTP17aanbso,W1,59329.269539965,0.06388048158707141,-99.0
WTP17aanbso,W1,59540.08374465,0.0684872438276911,-99.0
WTP17aanbso,W1,59694.83775753,0.06178342151197673,-99.0
WTP17aanbso,W1,59902.710880545,0.06255664341670991,-99.0
WTP17aanbso,W2,55331.84856329,0.09188307538528444,-99.0
WTP17aanbso,W2,55522.98041118,0.09206781186508181,-99.0
WTP17aanbso,W2,56793.506789405,0.10576219768768312,-99.0
WTP17aanbso,W2,56984.074140565004,0.11120057538085938,-99.0
WTP17aanbso,W2,57152.406573365,0.13593294492118838,-99.0
WTP17aanbso,W2,57346.07385929,0.13312532272247318,-99.0
WTP17aanbso,W2,57511.381737445,0.11703007738758087,-99.0
WTP17aanbso,W2,57711.66643528,0.12662524852336884,-99.0
WTP17aanbso,W2,57873.64364563,0.14227073189849854,-99.0
WTP17aanbso,W2,58077.362362595,0.2600032163085938,0.0008674208478792068
WTP17aanbso,W2,58233.78043071,0.3860064228515625,0.0016205481554608442
WTP17aanbso,W2,58441.622252044996,0.370593064453125,0.0015909415423704274
WTP17aanbso,W2,58599.419860875,0.31447709863281254,0.0011852334261288544
WTP17aanbso,W2,58807.190484449995,0.23880089892578127,0.0006981673477821025
WTP17aanbso,W2,58966.40692485,0.1883843857421875,0.0005019765108305793
WTP17aanbso,W2,59172.768770744995,0.16225852636718752,0.0005026430324453543
WTP17aanbso,W2,59329.334673289995,0.13143926464839936,-99.0
WTP17aanbso,W2,59540.08374465,0.14665047119140626,0.0003952546486506568
WTP17aanbso,W2,59694.83775753,0.13375517218070987,-99.0
WTP17aanbso,W2,59902.710880545,0.150695398657074,-99.0
WTP18aajkmk,W1,55218.17147381,0.06257337513154507,-99.0
WTP18aajkmk,W1,55407.615207794996,0.06842880813703536,-99.0
WTP18aajkmk,W1,55582.968539565,0.07059410655321122,-99.0
WTP18aajkmk,W1,56680.70496551,0.20088194860839845,0.0004551269313564497
WTP18aajkmk,W1,56870.24770463,0.06721067425864936,-99.0
WTP18aajkmk,W1,57045.491855885004,0.26112710375976567,0.0007557668029503337
WTP18aajkmk,W1,57235.761035725,0.08942242596314906,-99.0
WTP18aajkmk,W1,57404.469742165,0.2219817789916992,0.0005537966344134864
WTP18aajkmk,W1,57597.628804420005,0.08703836891331197,-99.0
WTP18aajkmk,W1,57766.004533425,0.2614495885620117,0.0007595208222272175
WTP18aajkmk,W1,57963.20117647,0.0934526309631157,-99.0
WTP18aajkmk,W1,58126.69249472,3.157712642578125,0.09978647151758001
WTP18aajkmk,W1,58330.32679053,3.9098198496093755,0.15298098112728387
WTP18aajkmk,W1,58487.400085085,5.119155322265626,0.26213205831501546
WTP18aajkmk,W1,58694.62384004,2.9842872978515627,0.08915887180133705
WTP18aajkmk,W1,58853.149124414995,2.9979161894531257,0.08993599677335479
WTP18aajkmk,W1,59058.670096635,1.5124997783203125,0.02297370976652419
WTP18aajkmk,W1,59218.709015655,2.0479684130859375,0.0420104350486936
WTP18aajkmk,W1,59424.327110275,1.3151934711914064,0.01739295783097666
WTP18aajkmk,W1,59586.05544361,1.9848871494140627,0.039463362782763405
WTP18aajkmk,W1,55219.362405435,0.0514872736835003,-99.0
WTP18aajkmk,W1,55408.442202005,0.07170067702840806,-99.0
WTP18aajkmk,W1,55584.357161449996,0.06781477091404439,-99.0
WTP18aajkmk,W1,56682.022405530006,0.2155970551757813,0.0005099051653927949
WTP18aajkmk,W1,56871.629257505,0.06968172979426862,-99.0
WTP18aajkmk,W1,57046.115940405,0.2690944907226563,0.0007963699553464982
WTP18aajkmk,W1,57236.51563933,0.08527509311719896,-99.0
WTP18aajkmk,W1,57405.649784595,0.23093027490234375,0.0006305338596218201
WTP18aajkmk,W1,57600.51141341,0.08923333674551011,-99.0
WTP18aajkmk,W1,57767.31433761,0.266398303527832,0.0007973377484561389
WTP18aajkmk,W1,57964.641557965006,0.0948931796990919,-99.0
WTP18aajkmk,W1,58128.067045995005,3.0975074326171876,0.09600680351228184
WTP18aajkmk,W1,58331.079293335,3.7459593222656253,0.1404095611485191
WTP18aajkmk,W1,58488.773808375,4.996434342773438,0.24971701105561528
WTP18aajkmk,W1,58695.866847175,2.8705490449218756,0.08248647052668223
WTP18aajkmk,W1,58854.457267765,2.9582428828125,0.08759606582530645
WTP18aajkmk,W1,59060.17420962,1.4997583564453125,0.022613292981682704
WTP18aajkmk,W1,59220.016904389995,2.054069503417969,0.04226527412730615
WTP18aajkmk,W1,59425.764941040004,1.247648605957031,0.015617524786953963
WTP18aajkmk,W1,59586.77394838,1.9646603232421878,0.03867057623160923
WTP18aajkmk,W2,55218.17147381,0.14727685350891115,-99.0
WTP18aajkmk,W2,55407.615207794996,0.14351541047523503,-99.0
WTP18aajkmk,W2,55582.968539565,0.13511727594558717,-99.0
WTP18aajkmk,W2,56680.70496551,0.14708679326942448,-99.0
WTP18aajkmk,W2,56870.24770463,0.15225593971572876,-99.0
WTP18aajkmk,W2,57045.491792205,0.17874744764137268,-99.0
WTP18aajkmk,W2,57235.761035725,0.1785672579936218,-99.0
WTP18aajkmk,W2,57404.469742165,0.19922854150749206,-99.0
WTP18aajkmk,W2,57597.628804420005,0.19034851711036682,-99.0
WTP18aajkmk,W2,57766.004533425,0.16291390248909,-99.0
WTP18aajkmk,W2,57963.20117647,0.2215327934765625,-99.0
WTP18aajkmk,W2,58126.6925584,2.79179834765625,0.07824472322646255
WTP18aajkmk,W2,58330.32679053,4.5314162578125,0.2059359096718946
WTP18aajkmk,W2,58487.400085085,5.049350250000001,0.25526897957714567
WTP18aajkmk,W2,58694.62384004,4.129241960937501,0.1711153057095237
WTP18aajkmk,W2,58853.149124414995,3.362170671875,0.11344371714881071
WTP18aajkmk,W2,59058.670096635,2.40827462890625,0.058518047095874236
WTP18aajkmk,W2,59218.709015655,2.4212359375,0.058949051320810505
WTP18aajkmk,W2,59424.327110275,2.29789430078125,0.05341937468645694
WTP18aajkmk,W2,59586.055252615,2.4188034140625,0.05881472072974882
WTP18aajkmk,W2,55219.362405435,0.13824204255912784,-99.0
WTP18aajkmk,W2,55408.37611379,0.1311690947350693,-99.0
WTP18aajkmk,W2,55584.357161449996,0.1334894498633576,-99.0
WTP18aajkmk,W2,56682.022469185,0.1581718633420563,-99.0
WTP18aajkmk,W2,56871.629193825,0.15508274338798522,-99.0
WTP18aajkmk,W2,57046.1158767,0.1846849082437897,-99.0
WTP18aajkmk,W2,57236.51563933,0.17095471337005616,-99.0
WTP18aajkmk,W2,57405.649784595,0.24563453007629393,-99.0
WTP18aajkmk,W2,57600.51141341,0.17272049317413332,-99.0
WTP18aajkmk,W2,57767.31433761,0.16269386663505556,-99.0
WTP18aajkmk,W2,57964.641557965006,0.2045015449510956,-99.0
WTP18aajkmk,W2,58128.067045995005,2.738715015625,0.07530069644655349
WTP18aajkmk,W2,58331.079293335,4.3794196562500005,0.19224091830227183
WTP18aajkmk,W2,58488.773808375,4.905778289062501,0.24096922280773936
WTP18aajkmk,W2,58695.866847175,3.9885106875000007,0.15955492988136968
WTP18aajkmk,W2,58854.457267765,3.3472305234374997,0.1126443797389793
WTP18aajkmk,W2,59060.17420962,2.35990937109375,0.05618073493280798
WTP18aajkmk,W2,59220.016904389995,2.38256566796875,0.057134587310046864
WTP18aajkmk,W2,59425.765004695,2.18875694140625,0.04829494908339158
WTP18aajkmk,W2,59586.7738847,2.3754624375,0.05677455605085713
WTP18aamced,W1,55217.601188579996,0.0491324586232996,-99.0
WTP18aamced,W1,55395.08811441,0.10787067599487306,0.00013121110931178036
WTP18aamced,W1,55583.1260583,0.04897763135383844,-99.0
WTP18aamced,W1,56680.20312592,0.03875300156167388,-99.0
WTP18aamced,W1,56858.44700516,0.05500274967956543,4.983852980345935e-05
WTP18aamced,W1,57044.531470999995,0.05670549075296402,-99.0
WTP18aamced,W1,57221.10656303,0.05551739291381836,6.103789862709903e-05
WTP18aamced,W1,57407.510580789996,0.05800162027004242,-99.0
WTP18aamced,W1,57577.949770775,0.08921235864257812,0.00010946802956094578
WTP18aamced,W1,57773.36489682,0.048364099735050195,-99.0
WTP18aamced,W1,57938.166958875,0.07040001278686524,7.679136664113807e-05
WTP18aamced,W1,58139.023416979995,0.06097974336730243,-99.0
WTP18aamced,W1,58300.06986548,0.6515247648925783,0.0042764624518847995
WTP18aamced,W1,58505.810883604994,1.2910579760742187,0.0167021898986086
WTP18aamced,W1,58668.20418934,0.9679239418945313,0.009406795613683154
WTP18aamced,W1,58868.741476744995,0.30290092767333987,0.0009552819061817245
WTP18aamced,W1,59029.74164192499,0.24541729028320314,0.0006316229116141315
WTP18aamced,W1,59234.360574574996,0.060625350277719516,-99.0
WTP18aamced,W1,59395.479972805,0.12143122888183594,0.00019822222612875067
WTP18aamced,W1,59600.354681590004,0.05984214181900264,-99.0
WTP18aamced,W2,55217.601188579996,0.10111934978271486,-99.0
WTP18aamced,W2,55395.08811441,0.0774737802734375,0.00010895757530878002
WTP18aamced,W2,55582.99381757,0.09529550279663088,-99.0
WTP18aamced,W2,56680.20312592,0.08405630134296418,-99.0
WTP18aamced,W2,56858.51277503,0.09852744872272493,-99.0
WTP18aamced,W2,57044.531470999995,0.12681154497356417,-99.0
WTP18aamced,W2,57221.10656303,0.11240582390701295,-99.0
WTP18aamced,W2,57407.576096355,0.11941156491630557,-99.0
WTP18aamced,W2,57577.949770775,0.12496265031490328,-99.0
WTP18aamced,W2,57773.36489682,0.09325180332260133,-99.0
WTP18aamced,W2,57938.166958875,0.118578362191391,-99.0
WTP18aamced,W2,58139.023416979995,0.13548770698810578,-99.0
WTP18aamced,W2,58300.06986548,0.41218817382812506,0.0018428401466132082
WTP18aamced,W2,58505.810883604994,2.07011423046875,0.04301565932242774
WTP18aamced,W2,58668.20418934,1.436516453125,0.020857685746884517
WTP18aamced,W2,58868.741476744995,0.7607148476562501,0.005972035968343388
WTP18aamced,W2,59029.74164192499,0.36366347167968754,0.0014617767423624368
WTP18aamced,W2,59234.360574574996,0.17259125,0.00045416625609187155
WTP18aamced,W2,59395.479972805,0.1644512015740204,-99.0
WTP18aamced,W2,59600.354681590004,0.12628575213790894,-99.0
WTP18aampwj,W1,55218.442831535,0.06412118025994064,-99.0
WTP18aampwj,W1,55407.74082632,0.062218164444050796,-99.0
WTP18aampwj,W1,55583.239769775,0.07155416353146314,-99.0
WTP18aampwj,W1,56680.975176709995,0.15538782806396484,0.00030810244514700296
WTP18aampwj,W1,56870.504035335,0.07467709133291245,-99.0
WTP18aampwj,W1,57045.56437502999,0.11883075549316408,0.0002245079167618143
WTP18aampwj,W1,57235.852782739996,0.08567254517611028,-99.0
WTP18aampwj,W1,57404.73880568,0.13376268447875977,0.00023332413457499647
WTP18aampwj,W1,57597.94956817,0.0869967204753685,-99.0
WTP18aampwj,W1,57766.33873341,0.1247756012878418,0.00022621671282656655
WTP18aampwj,W1,57963.45636125,0.07754799902112008,-99.0
WTP18aampwj,W1,58126.96117814,0.389124544921875,0.001590122776368674
WTP18aampwj,W1,58330.451008774995,1.79318855859375,0.032234607985403944
WTP18aampwj,W1,58487.668577455,4.038296557617188,0.1631515395089269
WTP18aampwj,W1,58694.8787703,5.229476771484376,0.27355342204772276
WTP18aampwj,W1,58853.35210124,5.561034375000001,0.30930593667219985
WTP18aampwj,W1,59058.99028726,3.3553887539062504,0.11267623768540787
WTP18aampwj,W1,59219.042959675004,3.818370032226563,0.14586540582607932
WTP18aampwj,W1,59424.64704642,2.7307920263671877,0.07469474939181033
WTP18aampwj,W1,59586.225503580004,3.3004386562500003,0.10899899058414801
WTP18aampwj,W2,55218.442831535,0.1503004481187439,-99.0
WTP18aampwj,W2,55407.74082632,0.13757566020942688,-99.0
WTP18aampwj,W2,55583.239769775,0.14893904942893982,-99.0
WTP18aampwj,W2,56681.041074465,0.16037116564437864,-99.0
WTP18aampwj,W2,56870.504035335,0.15263089936798097,-99.0
WTP18aampwj,W2,57045.56437502999,0.17828450091880801,-99.0
WTP18aampwj,W2,57235.852782739996,0.1720445571260834,-99.0
WTP18aampwj,W2,57404.73880568,0.1694329001049805,-99.0
WTP18aampwj,W2,57597.94956817,0.1878552596929932,-99.0
WTP18aampwj,W2,57766.33873341,0.16805497918876647,-99.0
WTP18aampwj,W2,57963.45636125,0.18590537534233095,-99.0
WTP18aampwj,W2,58126.96117814,0.18133450634765624,0.000597623603969795
WTP18aampwj,W2,58330.450945115,2.0039568828125,0.040538194017098614
WTP18aampwj,W2,58487.668577455,4.0303869765625,0.16271072720109095
WTP18aampwj,W2,58694.8787703,7.221618874999999,0.5220092148461104
WTP18aampwj,W2,58853.35210124,7.49378871875,0.5618254982812126
WTP18aampwj,W2,59058.99028726,6.0146599375,0.3623057735660572
WTP18aampwj,W2,59219.042959675004,5.613160874999999,0.3153677333631779
WTP18aampwj,W2,59424.64704642,4.894884843750001,0.24030677083098015
WTP18aampwj,W2,59586.225503580004,4.890225390625,0.23946047451702646
